	object
cascadeId	string
executorMetadatas	array
generatorMetadata	array
metadata	object
metadata.agentScript	object
metadata.agentScript.config	object
metadata.agentScript.config.agentConfig	object
metadata.agentScript.config.agentConfig.cascadeConfig	object
metadata.agentScript.config.agentConfig.cascadeConfig.agentApiConfig	object
metadata.agentScript.config.agentConfig.cascadeConfig.agentApiConfig.enabled	boolean
metadata.agentScript.config.agentConfig.cascadeConfig.battleModeConfig	object
metadata.agentScript.config.agentConfig.cascadeConfig.battleModeConfig.maxTurns	number
metadata.agentScript.config.agentConfig.cascadeConfig.checkpointConfig	object
metadata.agentScript.config.agentConfig.cascadeConfig.checkpointConfig.checkpointModel	string
metadata.agentScript.config.agentConfig.cascadeConfig.checkpointConfig.enableFallback	boolean
metadata.agentScript.config.agentConfig.cascadeConfig.checkpointConfig.enabled	boolean
metadata.agentScript.config.agentConfig.cascadeConfig.checkpointConfig.fullAsync	boolean
metadata.agentScript.config.agentConfig.cascadeConfig.checkpointConfig.includeArtifactSnapshots	boolean
metadata.agentScript.config.agentConfig.cascadeConfig.checkpointConfig.includeConversationLog	boolean
metadata.agentScript.config.agentConfig.cascadeConfig.checkpointConfig.includeLastUserMessage	boolean
metadata.agentScript.config.agentConfig.cascadeConfig.checkpointConfig.includeRunningTaskSnapshots	boolean
metadata.agentScript.config.agentConfig.cascadeConfig.checkpointConfig.includeSubagentSnapshots	boolean
metadata.agentScript.config.agentConfig.cascadeConfig.checkpointConfig.isSync	boolean
metadata.agentScript.config.agentConfig.cascadeConfig.checkpointConfig.maxArtifactSectionBytes	number
metadata.agentScript.config.agentConfig.cascadeConfig.checkpointConfig.maxOutputTokens	number
metadata.agentScript.config.agentConfig.cascadeConfig.checkpointConfig.maxOverheadRatio	number
metadata.agentScript.config.agentConfig.cascadeConfig.checkpointConfig.maxSubagentSnapshots	number
metadata.agentScript.config.agentConfig.cascadeConfig.checkpointConfig.maxTokenLimit	number
metadata.agentScript.config.agentConfig.cascadeConfig.checkpointConfig.maxUserRequestBytes	number
metadata.agentScript.config.agentConfig.cascadeConfig.checkpointConfig.maxUserRequests	number
metadata.agentScript.config.agentConfig.cascadeConfig.checkpointConfig.movingWindowSize	number
metadata.agentScript.config.agentConfig.cascadeConfig.checkpointConfig.retryConfig	object
metadata.agentScript.config.agentConfig.cascadeConfig.checkpointConfig.retryConfig.exponentialMultiplier	number
metadata.agentScript.config.agentConfig.cascadeConfig.checkpointConfig.retryConfig.includeErrorFeedback	boolean
metadata.agentScript.config.agentConfig.cascadeConfig.checkpointConfig.retryConfig.initialSleepDurationMs	number
metadata.agentScript.config.agentConfig.cascadeConfig.checkpointConfig.retryConfig.maxRetries	number
metadata.agentScript.config.agentConfig.cascadeConfig.checkpointConfig.retryConfig.range	number
metadata.agentScript.config.agentConfig.cascadeConfig.checkpointConfig.sessionSummaryPromptOverride	string
metadata.agentScript.config.agentConfig.cascadeConfig.checkpointConfig.strategy	string
metadata.agentScript.config.agentConfig.cascadeConfig.checkpointConfig.tokenThreshold	number
metadata.agentScript.config.agentConfig.cascadeConfig.checkpointConfig.useLastPlannerModel	boolean
metadata.agentScript.config.agentConfig.cascadeConfig.conversationHistoryConfig	object
metadata.agentScript.config.agentConfig.cascadeConfig.conversationHistoryConfig.enabled	boolean
metadata.agentScript.config.agentConfig.cascadeConfig.conversationHistoryConfig.maxArtifactSummaryChars	number
metadata.agentScript.config.agentConfig.cascadeConfig.conversationHistoryConfig.maxConversationLogsChars	number
metadata.agentScript.config.agentConfig.cascadeConfig.conversationHistoryConfig.maxConversations	number
metadata.agentScript.config.agentConfig.cascadeConfig.conversationHistoryConfig.maxTitleChars	number
metadata.agentScript.config.agentConfig.cascadeConfig.conversationHistoryConfig.maxUserIntentChars	number
metadata.agentScript.config.agentConfig.cascadeConfig.dynamicWorkspaceUris	array
metadata.agentScript.config.agentConfig.cascadeConfig.dynamicWorkspaceUris.[]	string
metadata.agentScript.config.agentConfig.cascadeConfig.executorConfig	object
metadata.agentScript.config.agentConfig.cascadeConfig.executorConfig.commandAssessorConfig	object
metadata.agentScript.config.agentConfig.cascadeConfig.executorConfig.commandAssessorConfig.allowExperimentalMonitors	boolean
metadata.agentScript.config.agentConfig.cascadeConfig.executorConfig.commandAssessorConfig.allowPssExperimentalMonitors	boolean
metadata.agentScript.config.agentConfig.cascadeConfig.executorConfig.commandAssessorConfig.enabled	boolean
metadata.agentScript.config.agentConfig.cascadeConfig.executorConfig.commandAssessorConfig.policyGuardianConfig	object
metadata.agentScript.config.agentConfig.cascadeConfig.executorConfig.commandAssessorConfig.policyGuardianConfig.enableUrlVetting	boolean
metadata.agentScript.config.agentConfig.cascadeConfig.executorConfig.commandAssessorConfig.policyGuardianConfig.httpTimeoutSeconds	number
metadata.agentScript.config.agentConfig.cascadeConfig.executorConfig.commandAssessorConfig.policyGuardianConfig.maxToolRounds	number
metadata.agentScript.config.agentConfig.cascadeConfig.executorConfig.commandAssessorConfig.policyGuardianConfig.modelTier	string
metadata.agentScript.config.agentConfig.cascadeConfig.executorConfig.commandAssessorConfig.policyGuardianConfig.vettedTools	array
metadata.agentScript.config.agentConfig.cascadeConfig.executorConfig.commandAssessorConfig.policyGuardianConfig.vettedTools.[]	string
metadata.agentScript.config.agentConfig.cascadeConfig.executorConfig.disableAsync	boolean
metadata.agentScript.config.agentConfig.cascadeConfig.executorConfig.enableAfkStopHook	boolean
metadata.agentScript.config.agentConfig.cascadeConfig.executorConfig.enableHookStatus	boolean
metadata.agentScript.config.agentConfig.cascadeConfig.executorConfig.enableTasks	boolean
metadata.agentScript.config.agentConfig.cascadeConfig.executorConfig.holdForValidCheckpoint	boolean
metadata.agentScript.config.agentConfig.cascadeConfig.executorConfig.holdForValidCheckpointTimeout	number
metadata.agentScript.config.agentConfig.cascadeConfig.executorConfig.maxGeneratorInvocations	number
metadata.agentScript.config.agentConfig.cascadeConfig.executorConfig.maxStopHookContinuations	number
metadata.agentScript.config.agentConfig.cascadeConfig.executorConfig.queueAllSteps	boolean
metadata.agentScript.config.agentConfig.cascadeConfig.executorConfig.requireFinishTool	boolean
metadata.agentScript.config.agentConfig.cascadeConfig.executorConfig.storeGenSvcRequest	boolean
metadata.agentScript.config.agentConfig.cascadeConfig.executorConfig.useAggressiveSnapshotting	boolean
metadata.agentScript.config.agentConfig.cascadeConfig.executorConfig.useCoreDirect	boolean
metadata.agentScript.config.agentConfig.cascadeConfig.messageConfig	object
metadata.agentScript.config.agentConfig.cascadeConfig.messageConfig.enabled	boolean
metadata.agentScript.config.agentConfig.cascadeConfig.plannerConfig	object
metadata.agentScript.config.agentConfig.cascadeConfig.plannerConfig.agenticModeConfig	object
metadata.agentScript.config.agentConfig.cascadeConfig.plannerConfig.agenticModeConfig.useSlashPlan	boolean
metadata.agentScript.config.agentConfig.cascadeConfig.plannerConfig.customizationConfig	object
metadata.agentScript.config.agentConfig.cascadeConfig.plannerConfig.customizationConfig.customizationDiscoveryConfig	object
metadata.agentScript.config.agentConfig.cascadeConfig.plannerConfig.customizationConfig.customizationDiscoveryConfig.skills	object
metadata.agentScript.config.agentConfig.cascadeConfig.plannerConfig.customizationConfig.customizationDiscoveryConfig.skills.inheritUser	boolean
metadata.agentScript.config.agentConfig.cascadeConfig.plannerConfig.customizationConfig.customizationDiscoveryConfig.skills.skillsPaths	array
metadata.agentScript.config.agentConfig.cascadeConfig.plannerConfig.customizationConfig.customizationDiscoveryConfig.skills.skillsPaths.[]	object
metadata.agentScript.config.agentConfig.cascadeConfig.plannerConfig.customizationConfig.customizationDiscoveryConfig.skills.skillsPaths.[].absolute	string
metadata.agentScript.config.agentConfig.cascadeConfig.plannerConfig.customizationConfig.enableJsonHooks	boolean
metadata.agentScript.config.agentConfig.cascadeConfig.plannerConfig.customizationConfig.workspacePaths	object
metadata.agentScript.config.agentConfig.cascadeConfig.plannerConfig.customizationConfig.workspacePaths.absolutePaths	array
metadata.agentScript.config.agentConfig.cascadeConfig.plannerConfig.customizationConfig.workspacePaths.absolutePaths.[]	string
metadata.agentScript.config.agentConfig.cascadeConfig.plannerConfig.customizationTokenBudget	number
metadata.agentScript.config.agentConfig.cascadeConfig.plannerConfig.disableLoopDetection	boolean
metadata.agentScript.config.agentConfig.cascadeConfig.plannerConfig.ephemeralMessagesConfig	object
metadata.agentScript.config.agentConfig.cascadeConfig.plannerConfig.ephemeralMessagesConfig.browserEphemeralOptions	array
metadata.agentScript.config.agentConfig.cascadeConfig.plannerConfig.ephemeralMessagesConfig.browserEphemeralOptions.[]	string
metadata.agentScript.config.agentConfig.cascadeConfig.plannerConfig.ephemeralMessagesConfig.disabledHeuristics	array
metadata.agentScript.config.agentConfig.cascadeConfig.plannerConfig.ephemeralMessagesConfig.disabledHeuristics.[]	string
metadata.agentScript.config.agentConfig.cascadeConfig.plannerConfig.ephemeralMessagesConfig.enabled	boolean
metadata.agentScript.config.agentConfig.cascadeConfig.plannerConfig.ephemeralMessagesConfig.persistenceLevel	string
metadata.agentScript.config.agentConfig.cascadeConfig.plannerConfig.ephemeralMessagesConfig.useAllowlist	boolean
metadata.agentScript.config.agentConfig.cascadeConfig.plannerConfig.experiments	object
metadata.agentScript.config.agentConfig.cascadeConfig.plannerConfig.experiments.values	object
metadata.agentScript.config.agentConfig.cascadeConfig.plannerConfig.experiments.values.disable-teamwork-forced-flash-model	object
metadata.agentScript.config.agentConfig.cascadeConfig.plannerConfig.experiments.values.disable-teamwork-forced-flash-model.boolValue	boolean
metadata.agentScript.config.agentConfig.cascadeConfig.plannerConfig.experiments.values.enable-background-task-accumulator	object
metadata.agentScript.config.agentConfig.cascadeConfig.plannerConfig.experiments.values.enable-background-task-accumulator.boolValue	boolean
metadata.agentScript.config.agentConfig.cascadeConfig.plannerConfig.experiments.values.enable-compact-slash-command	object
metadata.agentScript.config.agentConfig.cascadeConfig.plannerConfig.experiments.values.enable-compact-slash-command.boolValue	boolean
metadata.agentScript.config.agentConfig.cascadeConfig.plannerConfig.experiments.values.enable-cost-accumulator	object
metadata.agentScript.config.agentConfig.cascadeConfig.plannerConfig.experiments.values.enable-cost-accumulator.boolValue	boolean
metadata.agentScript.config.agentConfig.cascadeConfig.plannerConfig.experiments.values.enable-customization-skills	object
metadata.agentScript.config.agentConfig.cascadeConfig.plannerConfig.experiments.values.enable-customization-skills.boolValue	boolean
metadata.agentScript.config.agentConfig.cascadeConfig.plannerConfig.experiments.values.enable-file-diff-accumulator	object
metadata.agentScript.config.agentConfig.cascadeConfig.plannerConfig.experiments.values.enable-file-diff-accumulator.boolValue	boolean
metadata.agentScript.config.agentConfig.cascadeConfig.plannerConfig.experiments.values.enable-generative-hooks	object
metadata.agentScript.config.agentConfig.cascadeConfig.plannerConfig.experiments.values.enable-generative-hooks.boolValue	boolean
metadata.agentScript.config.agentConfig.cascadeConfig.plannerConfig.experiments.values.enable-markdown-agents	object
metadata.agentScript.config.agentConfig.cascadeConfig.plannerConfig.experiments.values.enable-markdown-agents.boolValue	boolean
metadata.agentScript.config.agentConfig.cascadeConfig.plannerConfig.experiments.values.enable-owl-slash-command	object
metadata.agentScript.config.agentConfig.cascadeConfig.plannerConfig.experiments.values.enable-owl-slash-command.boolValue	boolean
metadata.agentScript.config.agentConfig.cascadeConfig.plannerConfig.experiments.values.enable-permissioned-github	object
metadata.agentScript.config.agentConfig.cascadeConfig.plannerConfig.experiments.values.enable-permissioned-github.boolValue	boolean
metadata.agentScript.config.agentConfig.cascadeConfig.plannerConfig.experiments.values.enable-skill-accumulator	object
metadata.agentScript.config.agentConfig.cascadeConfig.plannerConfig.experiments.values.enable-skill-accumulator.boolValue	boolean
metadata.agentScript.config.agentConfig.cascadeConfig.plannerConfig.experiments.values.enable-state-accumulator	object
metadata.agentScript.config.agentConfig.cascadeConfig.plannerConfig.experiments.values.enable-state-accumulator.boolValue	boolean
metadata.agentScript.config.agentConfig.cascadeConfig.plannerConfig.experiments.values.enable-teamwork-subagent	object
metadata.agentScript.config.agentConfig.cascadeConfig.plannerConfig.experiments.values.enable-teamwork-subagent.boolValue	boolean
metadata.agentScript.config.agentConfig.cascadeConfig.plannerConfig.experiments.values.enable-trustedcli-config-files	object
metadata.agentScript.config.agentConfig.cascadeConfig.plannerConfig.experiments.values.enable-trustedcli-config-files.boolValue	boolean
metadata.agentScript.config.agentConfig.cascadeConfig.plannerConfig.experiments.values.enable-url-artifacts	object
metadata.agentScript.config.agentConfig.cascadeConfig.plannerConfig.experiments.values.enable-url-artifacts.boolValue	boolean
metadata.agentScript.config.agentConfig.cascadeConfig.plannerConfig.experiments.values.jetski-autonomous-mode	object
metadata.agentScript.config.agentConfig.cascadeConfig.plannerConfig.experiments.values.jetski-autonomous-mode.boolValue	boolean
metadata.agentScript.config.agentConfig.cascadeConfig.plannerConfig.experiments.values.jetski-generative-ui	object
metadata.agentScript.config.agentConfig.cascadeConfig.plannerConfig.experiments.values.jetski-generative-ui.boolValue	boolean
metadata.agentScript.config.agentConfig.cascadeConfig.plannerConfig.experiments.values.jetski-unified-customizations-panel-enabled	object
metadata.agentScript.config.agentConfig.cascadeConfig.plannerConfig.experiments.values.jetski-unified-customizations-panel-enabled.boolValue	boolean
metadata.agentScript.config.agentConfig.cascadeConfig.plannerConfig.experiments.values.json-hooks-enabled	object
metadata.agentScript.config.agentConfig.cascadeConfig.plannerConfig.experiments.values.json-hooks-enabled.boolValue	boolean
metadata.agentScript.config.agentConfig.cascadeConfig.plannerConfig.experiments.values.use-component-rewrite	object
metadata.agentScript.config.agentConfig.cascadeConfig.plannerConfig.experiments.values.use-component-rewrite.boolValue	boolean
metadata.agentScript.config.agentConfig.cascadeConfig.plannerConfig.knowledgeConfig	object
metadata.agentScript.config.agentConfig.cascadeConfig.plannerConfig.knowledgeConfig.enabled	boolean
metadata.agentScript.config.agentConfig.cascadeConfig.plannerConfig.knowledgeConfig.maxArtifactsPerKi	number
metadata.agentScript.config.agentConfig.cascadeConfig.plannerConfig.knowledgeConfig.maxContextTokens	number
metadata.agentScript.config.agentConfig.cascadeConfig.plannerConfig.knowledgeConfig.maxInvocations	number
metadata.agentScript.config.agentConfig.cascadeConfig.plannerConfig.knowledgeConfig.maxKnowledgeItems	number
metadata.agentScript.config.agentConfig.cascadeConfig.plannerConfig.knowledgeConfig.maxSummaryLength	number
metadata.agentScript.config.agentConfig.cascadeConfig.plannerConfig.knowledgeConfig.maxTitleLength	number
metadata.agentScript.config.agentConfig.cascadeConfig.plannerConfig.knowledgeConfig.minTurnsBetweenKnowledgeGeneration	number
metadata.agentScript.config.agentConfig.cascadeConfig.plannerConfig.knowledgeConfig.model	string
metadata.agentScript.config.agentConfig.cascadeConfig.plannerConfig.maxOutputTokens	number
metadata.agentScript.config.agentConfig.cascadeConfig.plannerConfig.modelName	string
metadata.agentScript.config.agentConfig.cascadeConfig.plannerConfig.noToolExplanation	boolean
metadata.agentScript.config.agentConfig.cascadeConfig.plannerConfig.noToolSummary	boolean
metadata.agentScript.config.agentConfig.cascadeConfig.plannerConfig.noWaitForPreviousTools	boolean
metadata.agentScript.config.agentConfig.cascadeConfig.plannerConfig.planModel	string
metadata.agentScript.config.agentConfig.cascadeConfig.plannerConfig.requestedModel	object
metadata.agentScript.config.agentConfig.cascadeConfig.plannerConfig.requestedModel.model	string
metadata.agentScript.config.agentConfig.cascadeConfig.plannerConfig.retryConfig	object
metadata.agentScript.config.agentConfig.cascadeConfig.plannerConfig.retryConfig.apiRetry	object
metadata.agentScript.config.agentConfig.cascadeConfig.plannerConfig.retryConfig.apiRetry.exponentialMultiplier	number
metadata.agentScript.config.agentConfig.cascadeConfig.plannerConfig.retryConfig.apiRetry.includeErrorFeedback	boolean
metadata.agentScript.config.agentConfig.cascadeConfig.plannerConfig.retryConfig.apiRetry.initialSleepDurationMs	number
metadata.agentScript.config.agentConfig.cascadeConfig.plannerConfig.retryConfig.apiRetry.maxRetries	number
metadata.agentScript.config.agentConfig.cascadeConfig.plannerConfig.retryConfig.apiRetry.range	number
metadata.agentScript.config.agentConfig.cascadeConfig.plannerConfig.retryConfig.modelOutputRetry	object
metadata.agentScript.config.agentConfig.cascadeConfig.plannerConfig.retryConfig.modelOutputRetry.forbidToolUse	boolean
metadata.agentScript.config.agentConfig.cascadeConfig.plannerConfig.retryConfig.modelOutputRetry.maxRetries	number
metadata.agentScript.config.agentConfig.cascadeConfig.plannerConfig.retryConfig.modelOutputRetry.retryOnlyOnInvalidArgs	boolean
metadata.agentScript.config.agentConfig.cascadeConfig.plannerConfig.toolConfig	object
metadata.agentScript.config.agentConfig.cascadeConfig.plannerConfig.toolConfig.antigravityBrowser	object
metadata.agentScript.config.agentConfig.cascadeConfig.plannerConfig.toolConfig.antigravityBrowser.browserGetNetworkRequestToolConfig	object
metadata.agentScript.config.agentConfig.cascadeConfig.plannerConfig.toolConfig.antigravityBrowser.browserGetNetworkRequestToolConfig.enabled	boolean
metadata.agentScript.config.agentConfig.cascadeConfig.plannerConfig.toolConfig.antigravityBrowser.browserJsExecutionPolicy	string
metadata.agentScript.config.agentConfig.cascadeConfig.plannerConfig.toolConfig.antigravityBrowser.browserListNetworkRequestsToolConfig	object
metadata.agentScript.config.agentConfig.cascadeConfig.plannerConfig.toolConfig.antigravityBrowser.browserListNetworkRequestsToolConfig.enabled	boolean
metadata.agentScript.config.agentConfig.cascadeConfig.plannerConfig.toolConfig.antigravityBrowser.browserStateDiffingConfig	object
metadata.agentScript.config.agentConfig.cascadeConfig.plannerConfig.toolConfig.antigravityBrowser.browserStateDiffingConfig.captureAgentActionDiffs	boolean
metadata.agentScript.config.agentConfig.cascadeConfig.plannerConfig.toolConfig.antigravityBrowser.browserStateDiffingConfig.includeDomTreeInDiffs	boolean
metadata.agentScript.config.agentConfig.cascadeConfig.plannerConfig.toolConfig.antigravityBrowser.browserSubagent	object
metadata.agentScript.config.agentConfig.cascadeConfig.plannerConfig.toolConfig.antigravityBrowser.browserSubagent.browserSubagentModel	string
metadata.agentScript.config.agentConfig.cascadeConfig.plannerConfig.toolConfig.antigravityBrowser.browserSubagent.contextConfig	object
metadata.agentScript.config.agentConfig.cascadeConfig.plannerConfig.toolConfig.antigravityBrowser.browserSubagent.contextConfig.maxChars	number
metadata.agentScript.config.agentConfig.cascadeConfig.plannerConfig.toolConfig.antigravityBrowser.browserSubagent.contextConfig.type	string
metadata.agentScript.config.agentConfig.cascadeConfig.plannerConfig.toolConfig.antigravityBrowser.browserSubagent.disableOnboarding	boolean
metadata.agentScript.config.agentConfig.cascadeConfig.plannerConfig.toolConfig.antigravityBrowser.browserSubagent.domExtractionConfig	object
metadata.agentScript.config.agentConfig.cascadeConfig.plannerConfig.toolConfig.antigravityBrowser.browserSubagent.domExtractionConfig.includeCoordinates	boolean
metadata.agentScript.config.agentConfig.cascadeConfig.plannerConfig.toolConfig.antigravityBrowser.browserSubagent.enableScratchpad	boolean
metadata.agentScript.config.agentConfig.cascadeConfig.plannerConfig.toolConfig.antigravityBrowser.browserSubagent.lowLevelToolsConfig	object
metadata.agentScript.config.agentConfig.cascadeConfig.plannerConfig.toolConfig.antigravityBrowser.browserSubagent.lowLevelToolsConfig.enableLowLevelToolsInstructions	boolean
metadata.agentScript.config.agentConfig.cascadeConfig.plannerConfig.toolConfig.antigravityBrowser.browserSubagent.lowLevelToolsConfig.enableMouseTools	boolean
metadata.agentScript.config.agentConfig.cascadeConfig.plannerConfig.toolConfig.antigravityBrowser.browserSubagent.maxContextTokens	number
metadata.agentScript.config.agentConfig.cascadeConfig.plannerConfig.toolConfig.antigravityBrowser.browserSubagent.mode	string
metadata.agentScript.config.agentConfig.cascadeConfig.plannerConfig.toolConfig.antigravityBrowser.browserSubagent.subagentReminderMode	object
metadata.agentScript.config.agentConfig.cascadeConfig.plannerConfig.toolConfig.antigravityBrowser.browserSubagent.subagentReminderMode.verifyScreenshots	object
metadata.agentScript.config.agentConfig.cascadeConfig.plannerConfig.toolConfig.antigravityBrowser.browserSubagent.useDetailedConverter	boolean
metadata.agentScript.config.agentConfig.cascadeConfig.plannerConfig.toolConfig.antigravityBrowser.captureBrowserScreenshot	object
metadata.agentScript.config.agentConfig.cascadeConfig.plannerConfig.toolConfig.antigravityBrowser.captureBrowserScreenshot.enableSaving	boolean
metadata.agentScript.config.agentConfig.cascadeConfig.plannerConfig.toolConfig.antigravityBrowser.clickBrowserPixel	object
metadata.agentScript.config.agentConfig.cascadeConfig.plannerConfig.toolConfig.antigravityBrowser.clickBrowserPixel.clickFeedback	object
metadata.agentScript.config.agentConfig.cascadeConfig.plannerConfig.toolConfig.antigravityBrowser.clickBrowserPixel.clickFeedback.alpha	number
metadata.agentScript.config.agentConfig.cascadeConfig.plannerConfig.toolConfig.antigravityBrowser.clickBrowserPixel.clickFeedback.blue	number
metadata.agentScript.config.agentConfig.cascadeConfig.plannerConfig.toolConfig.antigravityBrowser.clickBrowserPixel.clickFeedback.displayColor	string
metadata.agentScript.config.agentConfig.cascadeConfig.plannerConfig.toolConfig.antigravityBrowser.clickBrowserPixel.clickFeedback.enabled	boolean
metadata.agentScript.config.agentConfig.cascadeConfig.plannerConfig.toolConfig.antigravityBrowser.clickBrowserPixel.clickFeedback.feedbackType	string
metadata.agentScript.config.agentConfig.cascadeConfig.plannerConfig.toolConfig.antigravityBrowser.clickBrowserPixel.clickFeedback.green	number
metadata.agentScript.config.agentConfig.cascadeConfig.plannerConfig.toolConfig.antigravityBrowser.clickBrowserPixel.clickFeedback.radius	number
metadata.agentScript.config.agentConfig.cascadeConfig.plannerConfig.toolConfig.antigravityBrowser.clickBrowserPixel.clickFeedback.red	number
metadata.agentScript.config.agentConfig.cascadeConfig.plannerConfig.toolConfig.antigravityBrowser.disableOpenUrl	boolean
metadata.agentScript.config.agentConfig.cascadeConfig.plannerConfig.toolConfig.antigravityBrowser.disableReadBrowserPage	boolean
metadata.agentScript.config.agentConfig.cascadeConfig.plannerConfig.toolConfig.antigravityBrowser.displayOnCrd	boolean
metadata.agentScript.config.agentConfig.cascadeConfig.plannerConfig.toolConfig.antigravityBrowser.domExtractionConfig	object
metadata.agentScript.config.agentConfig.cascadeConfig.plannerConfig.toolConfig.antigravityBrowser.domExtractionConfig.includeCoordinates	boolean
metadata.agentScript.config.agentConfig.cascadeConfig.plannerConfig.toolConfig.antigravityBrowser.enableArk	boolean
metadata.agentScript.config.agentConfig.cascadeConfig.plannerConfig.toolConfig.antigravityBrowser.enableBrowserSubagentV2	boolean
metadata.agentScript.config.agentConfig.cascadeConfig.plannerConfig.toolConfig.antigravityBrowser.enableRefreshTool	boolean
metadata.agentScript.config.agentConfig.cascadeConfig.plannerConfig.toolConfig.antigravityBrowser.enabled	boolean
metadata.agentScript.config.agentConfig.cascadeConfig.plannerConfig.toolConfig.antigravityBrowser.generateRecordingSynchronously	boolean
metadata.agentScript.config.agentConfig.cascadeConfig.plannerConfig.toolConfig.antigravityBrowser.logTimeoutErrorsInsteadOfSentry	boolean
metadata.agentScript.config.agentConfig.cascadeConfig.plannerConfig.toolConfig.antigravityBrowser.skipPermissionChecks	boolean
metadata.agentScript.config.agentConfig.cascadeConfig.plannerConfig.toolConfig.antigravityBrowser.toolSetMode	string
metadata.agentScript.config.agentConfig.cascadeConfig.plannerConfig.toolConfig.antigravityBrowser.useAntigravityAsBrowserPrompting	boolean
metadata.agentScript.config.agentConfig.cascadeConfig.plannerConfig.toolConfig.antigravityBrowser.useExtendedTimeout	boolean
metadata.agentScript.config.agentConfig.cascadeConfig.plannerConfig.toolConfig.antigravityBrowser.variableWaitTool	boolean
metadata.agentScript.config.agentConfig.cascadeConfig.plannerConfig.toolConfig.askQuestion	object
metadata.agentScript.config.agentConfig.cascadeConfig.plannerConfig.toolConfig.askQuestion.enabled	boolean
metadata.agentScript.config.agentConfig.cascadeConfig.plannerConfig.toolConfig.autoAllowAllInteractions	boolean
metadata.agentScript.config.agentConfig.cascadeConfig.plannerConfig.toolConfig.code	object
metadata.agentScript.config.agentConfig.cascadeConfig.plannerConfig.toolConfig.code.allowEditGitignore	boolean
metadata.agentScript.config.agentConfig.cascadeConfig.plannerConfig.toolConfig.code.applyEdits	boolean
metadata.agentScript.config.agentConfig.cascadeConfig.plannerConfig.toolConfig.code.autoFixLintsConfig	object
metadata.agentScript.config.agentConfig.cascadeConfig.plannerConfig.toolConfig.code.autoFixLintsConfig.enabled	boolean
metadata.agentScript.config.agentConfig.cascadeConfig.plannerConfig.toolConfig.code.autoFixLintsConfig.notifyingPrompt	string
metadata.agentScript.config.agentConfig.cascadeConfig.plannerConfig.toolConfig.code.classifyEdit	boolean
metadata.agentScript.config.agentConfig.cascadeConfig.plannerConfig.toolConfig.code.disableExtensions	array
metadata.agentScript.config.agentConfig.cascadeConfig.plannerConfig.toolConfig.code.disableExtensions.[]	string
metadata.agentScript.config.agentConfig.cascadeConfig.plannerConfig.toolConfig.code.provideImportance	boolean
metadata.agentScript.config.agentConfig.cascadeConfig.plannerConfig.toolConfig.code.replaceContentToolConfig	object
metadata.agentScript.config.agentConfig.cascadeConfig.plannerConfig.toolConfig.code.replaceContentToolConfig.allowPartialReplacementSuccess	boolean
metadata.agentScript.config.agentConfig.cascadeConfig.plannerConfig.toolConfig.code.replaceContentToolConfig.disableAllowMultiple	boolean
metadata.agentScript.config.agentConfig.cascadeConfig.plannerConfig.toolConfig.code.replaceContentToolConfig.fastApplyFallbackConfig	object
metadata.agentScript.config.agentConfig.cascadeConfig.plannerConfig.toolConfig.code.replaceContentToolConfig.fastApplyFallbackConfig.contentEditRadiusLines	number
metadata.agentScript.config.agentConfig.cascadeConfig.plannerConfig.toolConfig.code.replaceContentToolConfig.fastApplyFallbackConfig.contentViewRadiusLines	number
metadata.agentScript.config.agentConfig.cascadeConfig.plannerConfig.toolConfig.code.replaceContentToolConfig.fastApplyFallbackConfig.enabled	boolean
metadata.agentScript.config.agentConfig.cascadeConfig.plannerConfig.toolConfig.code.replaceContentToolConfig.fastApplyFallbackConfig.fastApplyModel	string
metadata.agentScript.config.agentConfig.cascadeConfig.plannerConfig.toolConfig.code.replaceContentToolConfig.fastApplyFallbackConfig.promptUnchangedThreshold	number
metadata.agentScript.config.agentConfig.cascadeConfig.plannerConfig.toolConfig.code.replaceContentToolConfig.maxFuzzyEditDistanceFraction	number
metadata.agentScript.config.agentConfig.cascadeConfig.plannerConfig.toolConfig.code.replaceContentToolConfig.showTriggeredMemories	boolean
metadata.agentScript.config.agentConfig.cascadeConfig.plannerConfig.toolConfig.code.replaceContentToolConfig.toolVariant	string
metadata.agentScript.config.agentConfig.cascadeConfig.plannerConfig.toolConfig.code.replaceContentToolConfig.useLineRange	boolean
metadata.agentScript.config.agentConfig.cascadeConfig.plannerConfig.toolConfig.code.skipAwaitLintErrors	boolean
metadata.agentScript.config.agentConfig.cascadeConfig.plannerConfig.toolConfig.code.useReplaceContentProposeCode	boolean
metadata.agentScript.config.agentConfig.cascadeConfig.plannerConfig.toolConfig.code.useSedEdit	boolean
metadata.agentScript.config.agentConfig.cascadeConfig.plannerConfig.toolConfig.codeSearch	object
metadata.agentScript.config.agentConfig.cascadeConfig.plannerConfig.toolConfig.codeSearch.forceDisable	boolean
metadata.agentScript.config.agentConfig.cascadeConfig.plannerConfig.toolConfig.codeSearch.useDetailedSearchGuidanceInDi	boolean
metadata.agentScript.config.agentConfig.cascadeConfig.plannerConfig.toolConfig.commandStatus	object
metadata.agentScript.config.agentConfig.cascadeConfig.plannerConfig.toolConfig.commandStatus.enableInputDetection	boolean
metadata.agentScript.config.agentConfig.cascadeConfig.plannerConfig.toolConfig.commandStatus.inputDetectionModel	string
metadata.agentScript.config.agentConfig.cascadeConfig.plannerConfig.toolConfig.commandStatus.maxOutputCharacters	number
metadata.agentScript.config.agentConfig.cascadeConfig.plannerConfig.toolConfig.commandStatus.maxWaitDurationSeconds	number
metadata.agentScript.config.agentConfig.cascadeConfig.plannerConfig.toolConfig.commandStatus.minOutputCharacters	number
metadata.agentScript.config.agentConfig.cascadeConfig.plannerConfig.toolConfig.commandStatus.outputStabilizationDurationSeconds	number
metadata.agentScript.config.agentConfig.cascadeConfig.plannerConfig.toolConfig.commandStatus.useDelta	boolean
metadata.agentScript.config.agentConfig.cascadeConfig.plannerConfig.toolConfig.find	object
metadata.agentScript.config.agentConfig.cascadeConfig.plannerConfig.toolConfig.find.disableFallbackToLocalExecution	boolean
metadata.agentScript.config.agentConfig.cascadeConfig.plannerConfig.toolConfig.find.forceDisable	boolean
metadata.agentScript.config.agentConfig.cascadeConfig.plannerConfig.toolConfig.find.maxFindResults	number
metadata.agentScript.config.agentConfig.cascadeConfig.plannerConfig.toolConfig.find.useCodeSearch	boolean
metadata.agentScript.config.agentConfig.cascadeConfig.plannerConfig.toolConfig.finish	object
metadata.agentScript.config.agentConfig.cascadeConfig.plannerConfig.toolConfig.forceEnableSendMessageTool	boolean
metadata.agentScript.config.agentConfig.cascadeConfig.plannerConfig.toolConfig.grep	object
metadata.agentScript.config.agentConfig.cascadeConfig.plannerConfig.toolConfig.grep.disableFallbackToLocalExecution	boolean
metadata.agentScript.config.agentConfig.cascadeConfig.plannerConfig.toolConfig.grep.maxGrepResults	number
metadata.agentScript.config.agentConfig.cascadeConfig.plannerConfig.toolConfig.grep.useCodeSearch	boolean
metadata.agentScript.config.agentConfig.cascadeConfig.plannerConfig.toolConfig.intent	object
metadata.agentScript.config.agentConfig.cascadeConfig.plannerConfig.toolConfig.intent.intentModel	string
metadata.agentScript.config.agentConfig.cascadeConfig.plannerConfig.toolConfig.intent.maxContextTokens	number
metadata.agentScript.config.agentConfig.cascadeConfig.plannerConfig.toolConfig.internalSearch	object
metadata.agentScript.config.agentConfig.cascadeConfig.plannerConfig.toolConfig.internalSearch.maxContentLength	number
metadata.agentScript.config.agentConfig.cascadeConfig.plannerConfig.toolConfig.internalSearch.maxResults	number
metadata.agentScript.config.agentConfig.cascadeConfig.plannerConfig.toolConfig.invokeSubagent	object
metadata.agentScript.config.agentConfig.cascadeConfig.plannerConfig.toolConfig.invokeSubagent.allowFork	boolean
metadata.agentScript.config.agentConfig.cascadeConfig.plannerConfig.toolConfig.invokeSubagent.allowTaskMode	boolean
metadata.agentScript.config.agentConfig.cascadeConfig.plannerConfig.toolConfig.invokeSubagent.alwaysInheritModel	boolean
metadata.agentScript.config.agentConfig.cascadeConfig.plannerConfig.toolConfig.invokeSubagent.enabled	boolean
metadata.agentScript.config.agentConfig.cascadeConfig.plannerConfig.toolConfig.invokeSubagent.maxNestingDepth	number
metadata.agentScript.config.agentConfig.cascadeConfig.plannerConfig.toolConfig.listDir	object
metadata.agentScript.config.agentConfig.cascadeConfig.plannerConfig.toolConfig.mcp	object
metadata.agentScript.config.agentConfig.cascadeConfig.plannerConfig.toolConfig.mcp.forceDisable	boolean
metadata.agentScript.config.agentConfig.cascadeConfig.plannerConfig.toolConfig.mcp.maxOutputBytes	number
metadata.agentScript.config.agentConfig.cascadeConfig.plannerConfig.toolConfig.notebookEdit	object
metadata.agentScript.config.agentConfig.cascadeConfig.plannerConfig.toolConfig.notebookEdit.enabled	boolean
metadata.agentScript.config.agentConfig.cascadeConfig.plannerConfig.toolConfig.notifyUser	object
metadata.agentScript.config.agentConfig.cascadeConfig.plannerConfig.toolConfig.notifyUser.artifactReviewMode	string
metadata.agentScript.config.agentConfig.cascadeConfig.plannerConfig.toolConfig.permissionConfig	object
metadata.agentScript.config.agentConfig.cascadeConfig.plannerConfig.toolConfig.permissionConfig.defaultGrants	object
metadata.agentScript.config.agentConfig.cascadeConfig.plannerConfig.toolConfig.permissionConfig.defaultGrants.allow	array
metadata.agentScript.config.agentConfig.cascadeConfig.plannerConfig.toolConfig.permissionConfig.defaultGrants.allow.[]	string
metadata.agentScript.config.agentConfig.cascadeConfig.plannerConfig.toolConfig.permissionConfig.effectiveGrants	object
metadata.agentScript.config.agentConfig.cascadeConfig.plannerConfig.toolConfig.permissionConfig.effectiveGrants.allow	array
metadata.agentScript.config.agentConfig.cascadeConfig.plannerConfig.toolConfig.permissionConfig.effectiveGrants.allow.[]	string
metadata.agentScript.config.agentConfig.cascadeConfig.plannerConfig.toolConfig.permissionConfig.effectiveGrants.ask	array
metadata.agentScript.config.agentConfig.cascadeConfig.plannerConfig.toolConfig.permissionConfig.effectiveGrants.ask.[]	string
metadata.agentScript.config.agentConfig.cascadeConfig.plannerConfig.toolConfig.permissionConfig.effectivePermissionPreset	string
metadata.agentScript.config.agentConfig.cascadeConfig.plannerConfig.toolConfig.permissionConfig.enterpriseConfig	object
metadata.agentScript.config.agentConfig.cascadeConfig.plannerConfig.toolConfig.permissionConfig.enterpriseConfig.enforceWorkspaceValidation	boolean
metadata.agentScript.config.agentConfig.cascadeConfig.plannerConfig.toolConfig.runCommand	object
metadata.agentScript.config.agentConfig.cascadeConfig.plannerConfig.toolConfig.runCommand.autoCommandConfig	object
metadata.agentScript.config.agentConfig.cascadeConfig.plannerConfig.toolConfig.runCommand.autoCommandConfig.autoExecutionPolicy	string
metadata.agentScript.config.agentConfig.cascadeConfig.plannerConfig.toolConfig.runCommand.autoCommandConfig.sandboxSystemAllowlist	array
metadata.agentScript.config.agentConfig.cascadeConfig.plannerConfig.toolConfig.runCommand.autoCommandConfig.sandboxSystemAllowlist.[]	string
metadata.agentScript.config.agentConfig.cascadeConfig.plannerConfig.toolConfig.runCommand.enableDaemonCommands	boolean
metadata.agentScript.config.agentConfig.cascadeConfig.plannerConfig.toolConfig.runCommand.enableIdeTerminalExecution	boolean
metadata.agentScript.config.agentConfig.cascadeConfig.plannerConfig.toolConfig.runCommand.enablePersistentMode	boolean
metadata.agentScript.config.agentConfig.cascadeConfig.plannerConfig.toolConfig.runCommand.enablePty	boolean
metadata.agentScript.config.agentConfig.cascadeConfig.plannerConfig.toolConfig.runCommand.enableTerminalSandbox	boolean
metadata.agentScript.config.agentConfig.cascadeConfig.plannerConfig.toolConfig.runCommand.enableTimeoutNotification	boolean
metadata.agentScript.config.agentConfig.cascadeConfig.plannerConfig.toolConfig.runCommand.forbidSearchCommands	boolean
metadata.agentScript.config.agentConfig.cascadeConfig.plannerConfig.toolConfig.runCommand.forceDisable	boolean
metadata.agentScript.config.agentConfig.cascadeConfig.plannerConfig.toolConfig.runCommand.forceGoTerminalExecution	boolean
metadata.agentScript.config.agentConfig.cascadeConfig.plannerConfig.toolConfig.runCommand.maxCharsCommandStdout	number
metadata.agentScript.config.agentConfig.cascadeConfig.plannerConfig.toolConfig.runCommand.searchFallbackMode	string
metadata.agentScript.config.agentConfig.cascadeConfig.plannerConfig.toolConfig.runCommand.shellName	string
metadata.agentScript.config.agentConfig.cascadeConfig.plannerConfig.toolConfig.runCommand.shellPath	string
metadata.agentScript.config.agentConfig.cascadeConfig.plannerConfig.toolConfig.schedule	object
metadata.agentScript.config.agentConfig.cascadeConfig.plannerConfig.toolConfig.schedule.enableDaemon	boolean
metadata.agentScript.config.agentConfig.cascadeConfig.plannerConfig.toolConfig.schedule.enabled	boolean
metadata.agentScript.config.agentConfig.cascadeConfig.plannerConfig.toolConfig.searchWeb	object
metadata.agentScript.config.agentConfig.cascadeConfig.plannerConfig.toolConfig.searchWeb.forceDisable	boolean
metadata.agentScript.config.agentConfig.cascadeConfig.plannerConfig.toolConfig.searchWeb.thirdPartyConfig	object
metadata.agentScript.config.agentConfig.cascadeConfig.plannerConfig.toolConfig.searchWeb.thirdPartyConfig.provider	string
metadata.agentScript.config.agentConfig.cascadeConfig.plannerConfig.toolConfig.suggestedResponse	object
metadata.agentScript.config.agentConfig.cascadeConfig.plannerConfig.toolConfig.suggestedResponse.forceDisable	boolean
metadata.agentScript.config.agentConfig.cascadeConfig.plannerConfig.toolConfig.toolOutput	object
metadata.agentScript.config.agentConfig.cascadeConfig.plannerConfig.toolConfig.toolOutput.maxOutputBytes	number
metadata.agentScript.config.agentConfig.cascadeConfig.plannerConfig.toolConfig.userInteractionTimeoutSeconds	number
metadata.agentScript.config.agentConfig.cascadeConfig.plannerConfig.toolConfig.viewFile	object
metadata.agentScript.config.agentConfig.cascadeConfig.plannerConfig.toolConfig.viewFile.allowViewGitignore	boolean
metadata.agentScript.config.agentConfig.cascadeConfig.plannerConfig.toolConfig.viewFile.includeLineNumbers	boolean
metadata.agentScript.config.agentConfig.cascadeConfig.plannerConfig.toolConfig.viewFile.maxBytesPerOutlineItem	number
metadata.agentScript.config.agentConfig.cascadeConfig.plannerConfig.toolConfig.viewFile.maxBytesPerView	number
metadata.agentScript.config.agentConfig.cascadeConfig.plannerConfig.toolConfig.viewFile.maxLinesPerView	number
metadata.agentScript.config.agentConfig.cascadeConfig.plannerConfig.toolConfig.viewFile.maxTotalOutlineBytes	number
metadata.agentScript.config.agentConfig.cascadeConfig.plannerConfig.toolConfig.viewFile.showFullFileBytes	number
metadata.agentScript.config.agentConfig.cascadeConfig.plannerConfig.toolConfig.viewFile.showTriggeredMemories	boolean
metadata.agentScript.config.agentConfig.cascadeConfig.plannerConfig.toolConfig.viewFile.splitOutlineTool	boolean
metadata.agentScript.config.agentConfig.cascadeConfig.plannerConfig.toolConfig.wait	object
metadata.agentScript.config.agentConfig.cascadeConfig.plannerConfig.toolConfig.wait.enabled	boolean
metadata.agentScript.config.agentConfig.cascadeConfig.plannerConfig.useAiCredits	boolean
metadata.agentScript.config.agentConfig.cascadeConfig.trajectoryConversionConfig	object
metadata.agentScript.config.agentConfig.cascadeConfig.trajectoryConversionConfig.appendEphemeralToPreviousToolResult	boolean
metadata.agentScript.config.agentConfig.cascadeConfig.trajectoryConversionConfig.disableStepId	boolean
metadata.agentScript.config.agentConfig.cascadeConfig.trajectoryConversionConfig.disableSystemMessageMerging	boolean
metadata.agentScript.config.agentConfig.cascadeConfig.trajectoryConversionConfig.disableSystemMessageTag	boolean
metadata.agentScript.config.agentConfig.cascadeConfig.trajectoryConversionConfig.discardErroredPlannerResponses	boolean
metadata.agentScript.config.agentConfig.cascadeConfig.trajectoryConversionConfig.discardLoopingPlannerResponses	boolean
metadata.agentScript.config.agentConfig.cascadeConfig.trajectoryConversionConfig.enableContextRole	boolean
metadata.agentScript.config.agentConfig.cascadeConfig.trajectoryConversionConfig.enableToolTimestamp	boolean
metadata.agentScript.config.agentConfig.cascadeConfig.trajectoryConversionConfig.errorOnTruncationWithoutCheckpoint	boolean
metadata.agentScript.config.agentConfig.cascadeConfig.trajectoryConversionConfig.logArtifactsConfig	object
metadata.agentScript.config.agentConfig.cascadeConfig.trajectoryConversionConfig.logArtifactsConfig.enabled	boolean
metadata.agentScript.config.agentConfig.cascadeConfig.trajectoryConversionConfig.logArtifactsConfig.hideNominalToolSteps	boolean
metadata.agentScript.config.agentConfig.cascadeConfig.trajectoryConversionConfig.logArtifactsConfig.hidePlannerResponseText	boolean
metadata.agentScript.config.agentConfig.cascadeConfig.trajectoryConversionConfig.logArtifactsConfig.hideSystemSteps	boolean
metadata.agentScript.config.agentConfig.cascadeConfig.trajectoryConversionConfig.logArtifactsConfig.hideUserImplicitSteps	boolean
metadata.agentScript.config.agentConfig.cascadeConfig.trajectoryConversionConfig.logArtifactsConfig.maxBytesPerStep	number
metadata.agentScript.config.agentConfig.cascadeConfig.trajectoryConversionConfig.logArtifactsConfig.maxBytesPerToolArg	number
metadata.agentScript.config.agentConfig.cascadeConfig.trajectoryConversionConfig.maxTokensPerStep	number
metadata.agentScript.config.agentConfig.cascadeConfig.trajectoryConversionConfig.maxTokensPerUserInputStep	number
metadata.agentScript.config.agentConfig.cascadeConfig.trajectoryConversionConfig.raiseStepConversionError	boolean
metadata.agentScript.config.agentConfig.cascadeConfig.trajectoryConversionConfig.showModelSelectionChange	boolean
metadata.agentScript.config.agentConfig.cascadeConfig.trajectoryConversionConfig.taskDetailsSuffix	string
metadata.agentScript.config.agentConfig.cascadeConfig.trajectoryConversionConfig.useRawUserMessage	boolean
metadata.agentScript.config.agentConfig.cascadeConfig.trajectoryConversionConfig.useStructuredToolResponses	boolean
metadata.agentScript.config.agentConfig.cascadeConfig.trajectoryConversionConfig.wrapToolResponses	boolean
metadata.agentScript.config.agentConfig.customizationDiscovery	object
metadata.agentScript.config.agentConfig.customizationDiscovery.agents	object
metadata.agentScript.config.agentConfig.customizationDiscovery.agents.builtinAgentNames	array
metadata.agentScript.config.agentConfig.customizationDiscovery.agents.builtinAgentNames.[]	string
metadata.agentScript.config.agentConfig.customizationDiscovery.agents.inheritUser	boolean
metadata.agentScript.config.agentConfig.customizationDiscovery.hooks	object
metadata.agentScript.config.agentConfig.customizationDiscovery.hooks.inheritUser	boolean
metadata.agentScript.config.agentConfig.customizationDiscovery.mcp	object
metadata.agentScript.config.agentConfig.customizationDiscovery.mcp.inheritUser	boolean
metadata.agentScript.config.agentConfig.customizationDiscovery.plugins	object
metadata.agentScript.config.agentConfig.customizationDiscovery.plugins.inheritUser	boolean
metadata.agentScript.config.agentConfig.customizationDiscovery.rules	object
metadata.agentScript.config.agentConfig.customizationDiscovery.rules.inheritUser	boolean
metadata.agentScript.config.agentConfig.customizationDiscovery.skills	object
metadata.agentScript.config.agentConfig.customizationDiscovery.skills.builtinSkillNames	array
metadata.agentScript.config.agentConfig.customizationDiscovery.skills.builtinSkillNames.[]	string
metadata.agentScript.config.agentConfig.customizationDiscovery.skills.exclude	array
metadata.agentScript.config.agentConfig.customizationDiscovery.skills.exclude.[]	string
metadata.agentScript.config.agentConfig.customizationDiscovery.skills.inheritUser	boolean
metadata.agentScript.config.agentConfig.mixinConfig	object
metadata.agentScript.config.agentConfig.mixinConfig.forceDisableFundamentalComponents	boolean
metadata.agentScript.config.agentConfig.mixinConfig.postInvocationHooks	array
metadata.agentScript.config.agentConfig.mixinConfig.postInvocationHooks.[]	object
metadata.agentScript.config.agentConfig.mixinConfig.postInvocationHooks.[].builtin	boolean
metadata.agentScript.config.agentConfig.mixinConfig.postInvocationHooks.[].name	string
metadata.agentScript.config.agentConfig.mixinConfig.preInvocationHooks	array
metadata.agentScript.config.agentConfig.mixinConfig.preInvocationHooks.[]	object
metadata.agentScript.config.agentConfig.mixinConfig.preInvocationHooks.[].builtin	boolean
metadata.agentScript.config.agentConfig.mixinConfig.preInvocationHooks.[].name	string
metadata.agentScript.config.agentConfig.mixinConfig.preToolHooks	array
metadata.agentScript.config.agentConfig.mixinConfig.preToolHooks.[]	object
metadata.agentScript.config.agentConfig.mixinConfig.preToolHooks.[].builtin	boolean
metadata.agentScript.config.agentConfig.mixinConfig.preToolHooks.[].name	string
metadata.agentScript.config.agentConfig.mixinConfig.promptSections	array
metadata.agentScript.config.agentConfig.mixinConfig.promptSections.[]	object
metadata.agentScript.config.agentConfig.mixinConfig.promptSections.[].builtinName	string
metadata.agentScript.config.agentConfig.mixinConfig.promptSections.[].custom	object
metadata.agentScript.config.agentConfig.mixinConfig.promptSections.[].custom.content	string
metadata.agentScript.config.agentConfig.mixinConfig.promptSections.[].custom.title	string
metadata.agentScript.config.agentConfig.mixinConfig.stopHooks	array
metadata.agentScript.config.agentConfig.mixinConfig.stopHooks.[]	object
metadata.agentScript.config.agentConfig.mixinConfig.stopHooks.[].builtin	boolean
metadata.agentScript.config.agentConfig.mixinConfig.stopHooks.[].name	string
metadata.agentScript.config.agentConfig.mixinConfig.toolDecorators	array
metadata.agentScript.config.agentConfig.mixinConfig.toolDecorators.[]	object
metadata.agentScript.config.agentConfig.mixinConfig.toolDecorators.[].builtin	boolean
metadata.agentScript.config.agentConfig.mixinConfig.toolDecorators.[].name	string
metadata.agentScript.config.agentConfig.mixinConfig.tools	array
metadata.agentScript.config.agentConfig.mixinConfig.tools.[]	object
metadata.agentScript.config.agentConfig.mixinConfig.tools.[].builtin	boolean
metadata.agentScript.config.agentConfig.mixinConfig.tools.[].name	string
metadata.agentScript.config.cascadeConfig	object
metadata.agentScript.config.cascadeConfig.executorConfig	object
metadata.agentScript.config.cascadeConfig.executorConfig.useCoreDirect	boolean
metadata.agentScript.config.cascadeConfig.plannerConfig	object
metadata.agentScript.config.cascadeConfig.plannerConfig.experiments	object
metadata.agentScript.config.cascadeConfig.plannerConfig.experiments.values	object
metadata.agentScript.config.cascadeConfig.plannerConfig.experiments.values.convenient-multi-agent-coordination	object
metadata.agentScript.config.cascadeConfig.plannerConfig.experiments.values.convenient-multi-agent-coordination.boolValue	boolean
metadata.agentScript.config.cascadeConfig.plannerConfig.experiments.values.disable-teamwork-forced-flash-model	object
metadata.agentScript.config.cascadeConfig.plannerConfig.experiments.values.disable-teamwork-forced-flash-model.boolValue	boolean
metadata.agentScript.config.cascadeConfig.plannerConfig.experiments.values.enable-compact-slash-command	object
metadata.agentScript.config.cascadeConfig.plannerConfig.experiments.values.enable-compact-slash-command.boolValue	boolean
metadata.agentScript.config.cascadeConfig.plannerConfig.experiments.values.enable-cost-accumulator	object
metadata.agentScript.config.cascadeConfig.plannerConfig.experiments.values.enable-cost-accumulator.boolValue	boolean
metadata.agentScript.config.cascadeConfig.plannerConfig.experiments.values.enable-generative-hooks	object
metadata.agentScript.config.cascadeConfig.plannerConfig.experiments.values.enable-generative-hooks.boolValue	boolean
metadata.agentScript.config.cascadeConfig.plannerConfig.experiments.values.enable-owl-slash-command	object
metadata.agentScript.config.cascadeConfig.plannerConfig.experiments.values.enable-owl-slash-command.boolValue	boolean
metadata.agentScript.config.cascadeConfig.plannerConfig.experiments.values.enable-permissioned-github	object
metadata.agentScript.config.cascadeConfig.plannerConfig.experiments.values.enable-permissioned-github.boolValue	boolean
metadata.agentScript.config.cascadeConfig.plannerConfig.experiments.values.enable-subagent-hub	object
metadata.agentScript.config.cascadeConfig.plannerConfig.experiments.values.enable-subagent-hub.boolValue	boolean
metadata.agentScript.config.cascadeConfig.plannerConfig.experiments.values.enable-teamwork-subagent	object
metadata.agentScript.config.cascadeConfig.plannerConfig.experiments.values.enable-teamwork-subagent.boolValue	boolean
metadata.agentScript.config.cascadeConfig.plannerConfig.experiments.values.enable-trustedcli-config-files	object
metadata.agentScript.config.cascadeConfig.plannerConfig.experiments.values.enable-trustedcli-config-files.boolValue	boolean
metadata.agentScript.config.cascadeConfig.plannerConfig.experiments.values.enable-url-artifacts	object
metadata.agentScript.config.cascadeConfig.plannerConfig.experiments.values.enable-url-artifacts.boolValue	boolean
metadata.agentScript.config.cascadeConfig.plannerConfig.experiments.values.jetski-autonomous-mode	object
metadata.agentScript.config.cascadeConfig.plannerConfig.experiments.values.jetski-autonomous-mode.boolValue	boolean
metadata.agentScript.config.cascadeConfig.plannerConfig.experiments.values.jetski-generative-ui	object
metadata.agentScript.config.cascadeConfig.plannerConfig.experiments.values.jetski-generative-ui.boolValue	boolean
metadata.agentScript.config.cascadeConfig.plannerConfig.experiments.values.jetski-unified-customizations-panel-enabled	object
metadata.agentScript.config.cascadeConfig.plannerConfig.experiments.values.jetski-unified-customizations-panel-enabled.boolValue	boolean
metadata.agentScript.config.cascadeConfig.plannerConfig.experiments.values.use-component-rewrite	object
metadata.agentScript.config.cascadeConfig.plannerConfig.experiments.values.use-component-rewrite.boolValue	boolean
metadata.agentScript.config.cascadeConfig.plannerConfig.retryConfig	object
metadata.agentScript.config.cascadeConfig.plannerConfig.retryConfig.apiRetry	object
metadata.agentScript.config.cascadeConfig.plannerConfig.retryConfig.apiRetry.exponentialMultiplier	number
metadata.agentScript.config.cascadeConfig.plannerConfig.retryConfig.apiRetry.includeErrorFeedback	boolean
metadata.agentScript.config.cascadeConfig.plannerConfig.retryConfig.apiRetry.initialSleepDurationMs	number
metadata.agentScript.config.cascadeConfig.plannerConfig.retryConfig.apiRetry.maxRetries	number
metadata.agentScript.config.cascadeConfig.plannerConfig.retryConfig.apiRetry.maxSleepDurationMs	string
metadata.agentScript.config.cascadeConfig.plannerConfig.retryConfig.apiRetry.range	number
metadata.agentScript.config.cascadeConfig.plannerConfig.retryConfig.modelOutputRetry	object
metadata.agentScript.config.cascadeConfig.plannerConfig.retryConfig.modelOutputRetry.forbidToolUse	boolean
metadata.agentScript.config.cascadeConfig.plannerConfig.retryConfig.modelOutputRetry.maxRetries	number
metadata.agentScript.config.cascadeConfig.plannerConfig.retryConfig.modelOutputRetry.retryOnlyOnInvalidArgs	boolean
metadata.agentScript.config.cascadeConfig.plannerConfig.toolConfig	object
metadata.agentScript.config.cascadeConfig.plannerConfig.toolConfig.autoAllowAllInteractions	boolean
metadata.agentScript.config.cascadeConfig.plannerConfig.toolConfig.notifyUser	object
metadata.agentScript.config.cascadeConfig.plannerConfig.toolConfig.notifyUser.artifactReviewMode	string
metadata.agentScript.config.cascadeConfig.plannerConfig.toolConfig.permissionConfig	object
metadata.agentScript.config.cascadeConfig.plannerConfig.toolConfig.permissionConfig.defaultGrants	object
metadata.agentScript.config.cascadeConfig.plannerConfig.toolConfig.permissionConfig.defaultGrants.allow	array
metadata.agentScript.config.cascadeConfig.plannerConfig.toolConfig.permissionConfig.defaultGrants.allow.[]	string
metadata.agentScript.config.cascadeConfig.plannerConfig.toolConfig.permissionConfig.effectiveGrants	object
metadata.agentScript.config.cascadeConfig.plannerConfig.toolConfig.permissionConfig.effectiveGrants.allow	array
metadata.agentScript.config.cascadeConfig.plannerConfig.toolConfig.permissionConfig.effectiveGrants.allow.[]	string
metadata.agentScript.config.cascadeConfig.plannerConfig.toolConfig.permissionConfig.effectiveGrants.ask	array
metadata.agentScript.config.cascadeConfig.plannerConfig.toolConfig.permissionConfig.effectiveGrants.ask.[]	string
metadata.agentScript.config.cascadeConfig.plannerConfig.toolConfig.permissionConfig.effectivePermissionPreset	string
metadata.agentScript.config.cascadeConfig.plannerConfig.toolConfig.permissionConfig.enterpriseConfig	object
metadata.agentScript.config.cascadeConfig.plannerConfig.toolConfig.permissionConfig.enterpriseConfig.enforceWorkspaceValidation	boolean
metadata.agentScript.config.cascadeConfig.plannerConfig.toolConfig.permissionConfig.permissionsV2	boolean
metadata.agentScript.config.cascadeConfig.plannerConfig.toolConfig.runCommand	object
metadata.agentScript.config.cascadeConfig.plannerConfig.toolConfig.runCommand.autoCommandConfig	object
metadata.agentScript.config.cascadeConfig.plannerConfig.toolConfig.runCommand.autoCommandConfig.autoExecutionPolicy	string
metadata.agentScript.config.cascadeConfig.plannerConfig.toolConfig.runCommand.autoCommandConfig.sandboxSystemAllowlist	array
metadata.agentScript.config.cascadeConfig.plannerConfig.toolConfig.runCommand.autoCommandConfig.sandboxSystemAllowlist.[]	string
metadata.agentScript.config.cascadeConfig.plannerConfig.toolConfig.runCommand.disableSandboxBypass	boolean
metadata.agentScript.config.cascadeConfig.plannerConfig.toolConfig.runCommand.enableTerminalSandbox	boolean
metadata.agentScript.config.cascadeConfig.plannerConfig.toolConfig.runCommand.readOnlySandbox	boolean
metadata.agentScript.config.cascadeConfig.plannerConfig.useAiCredits	boolean
metadata.agentScript.config.commandExecutionPolicy	string
metadata.agentScript.config.customAgent	object
metadata.agentScript.config.customAgent.systemPromptConfig	object
metadata.agentScript.config.customAgent.systemPromptConfig.includeSections	array
metadata.agentScript.config.customAgent.systemPromptConfig.includeSections.[]	string
metadata.agentScript.config.customAgent.systemPromptSections	array
metadata.agentScript.config.customAgent.systemPromptSections.[]	object
metadata.agentScript.config.customAgent.systemPromptSections.[].content	string
metadata.agentScript.config.customAgent.systemPromptSections.[].title	string
metadata.agentScript.config.customAgent.toolNames	array
metadata.agentScript.config.customAgent.toolNames.[]	string
metadata.agentScript.config.customizationConfig	object
metadata.agentScript.config.customizationConfig.agentPath	string
metadata.agentScript.config.customizationConfig.customizationDiscoveryConfig	object
metadata.agentScript.config.customizationConfig.customizationDiscoveryConfig.plugins	object
metadata.agentScript.config.customizationConfig.customizationDiscoveryConfig.skills	object
metadata.agentScript.description	string
metadata.agentScript.hidden	boolean
metadata.agentScript.name	string
metadata.createdAt	string
metadata.initializationStateId	string
metadata.mendelExperimentIds	array
metadata.nestingDepth	number
metadata.parentConversationId	string
metadata.projectId	string
metadata.rootConversationId	string
metadata.staticConfig	object
metadata.staticConfig.agentConfig	object
metadata.staticConfig.agentConfig.cascadeConfig	object
metadata.staticConfig.agentConfig.cascadeConfig.agentApiConfig	object
metadata.staticConfig.agentConfig.cascadeConfig.agentApiConfig.enabled	boolean
metadata.staticConfig.agentConfig.cascadeConfig.battleModeConfig	object
metadata.staticConfig.agentConfig.cascadeConfig.battleModeConfig.maxTurns	number
metadata.staticConfig.agentConfig.cascadeConfig.checkpointConfig	object
metadata.staticConfig.agentConfig.cascadeConfig.checkpointConfig.checkpointModel	string
metadata.staticConfig.agentConfig.cascadeConfig.checkpointConfig.enableFallback	boolean
metadata.staticConfig.agentConfig.cascadeConfig.checkpointConfig.enabled	boolean
metadata.staticConfig.agentConfig.cascadeConfig.checkpointConfig.fullAsync	boolean
metadata.staticConfig.agentConfig.cascadeConfig.checkpointConfig.includeArtifactSnapshots	boolean
metadata.staticConfig.agentConfig.cascadeConfig.checkpointConfig.includeConversationLog	boolean
metadata.staticConfig.agentConfig.cascadeConfig.checkpointConfig.includeLastUserMessage	boolean
metadata.staticConfig.agentConfig.cascadeConfig.checkpointConfig.includeRunningTaskSnapshots	boolean
metadata.staticConfig.agentConfig.cascadeConfig.checkpointConfig.includeSubagentSnapshots	boolean
metadata.staticConfig.agentConfig.cascadeConfig.checkpointConfig.isSync	boolean
metadata.staticConfig.agentConfig.cascadeConfig.checkpointConfig.maxArtifactSectionBytes	number
metadata.staticConfig.agentConfig.cascadeConfig.checkpointConfig.maxOutputTokens	number
metadata.staticConfig.agentConfig.cascadeConfig.checkpointConfig.maxOverheadRatio	number
metadata.staticConfig.agentConfig.cascadeConfig.checkpointConfig.maxSubagentSnapshots	number
metadata.staticConfig.agentConfig.cascadeConfig.checkpointConfig.maxTokenLimit	number
metadata.staticConfig.agentConfig.cascadeConfig.checkpointConfig.maxUserRequestBytes	number
metadata.staticConfig.agentConfig.cascadeConfig.checkpointConfig.maxUserRequests	number
metadata.staticConfig.agentConfig.cascadeConfig.checkpointConfig.movingWindowSize	number
metadata.staticConfig.agentConfig.cascadeConfig.checkpointConfig.retryConfig	object
metadata.staticConfig.agentConfig.cascadeConfig.checkpointConfig.retryConfig.exponentialMultiplier	number
metadata.staticConfig.agentConfig.cascadeConfig.checkpointConfig.retryConfig.includeErrorFeedback	boolean
metadata.staticConfig.agentConfig.cascadeConfig.checkpointConfig.retryConfig.initialSleepDurationMs	number
metadata.staticConfig.agentConfig.cascadeConfig.checkpointConfig.retryConfig.maxRetries	number
metadata.staticConfig.agentConfig.cascadeConfig.checkpointConfig.retryConfig.range	number
metadata.staticConfig.agentConfig.cascadeConfig.checkpointConfig.sessionSummaryPromptOverride	string
metadata.staticConfig.agentConfig.cascadeConfig.checkpointConfig.strategy	string
metadata.staticConfig.agentConfig.cascadeConfig.checkpointConfig.tokenThreshold	number
metadata.staticConfig.agentConfig.cascadeConfig.checkpointConfig.useLastPlannerModel	boolean
metadata.staticConfig.agentConfig.cascadeConfig.conversationHistoryConfig	object
metadata.staticConfig.agentConfig.cascadeConfig.conversationHistoryConfig.enabled	boolean
metadata.staticConfig.agentConfig.cascadeConfig.conversationHistoryConfig.maxArtifactSummaryChars	number
metadata.staticConfig.agentConfig.cascadeConfig.conversationHistoryConfig.maxConversationLogsChars	number
metadata.staticConfig.agentConfig.cascadeConfig.conversationHistoryConfig.maxConversations	number
metadata.staticConfig.agentConfig.cascadeConfig.conversationHistoryConfig.maxTitleChars	number
metadata.staticConfig.agentConfig.cascadeConfig.conversationHistoryConfig.maxUserIntentChars	number
metadata.staticConfig.agentConfig.cascadeConfig.dynamicWorkspaceUris	array
metadata.staticConfig.agentConfig.cascadeConfig.dynamicWorkspaceUris.[]	string
metadata.staticConfig.agentConfig.cascadeConfig.executorConfig	object
metadata.staticConfig.agentConfig.cascadeConfig.executorConfig.commandAssessorConfig	object
metadata.staticConfig.agentConfig.cascadeConfig.executorConfig.commandAssessorConfig.allowExperimentalMonitors	boolean
metadata.staticConfig.agentConfig.cascadeConfig.executorConfig.commandAssessorConfig.allowPssExperimentalMonitors	boolean
metadata.staticConfig.agentConfig.cascadeConfig.executorConfig.commandAssessorConfig.enabled	boolean
metadata.staticConfig.agentConfig.cascadeConfig.executorConfig.commandAssessorConfig.policyGuardianConfig	object
metadata.staticConfig.agentConfig.cascadeConfig.executorConfig.commandAssessorConfig.policyGuardianConfig.enableUrlVetting	boolean
metadata.staticConfig.agentConfig.cascadeConfig.executorConfig.commandAssessorConfig.policyGuardianConfig.httpTimeoutSeconds	number
metadata.staticConfig.agentConfig.cascadeConfig.executorConfig.commandAssessorConfig.policyGuardianConfig.maxToolRounds	number
metadata.staticConfig.agentConfig.cascadeConfig.executorConfig.commandAssessorConfig.policyGuardianConfig.modelTier	string
metadata.staticConfig.agentConfig.cascadeConfig.executorConfig.commandAssessorConfig.policyGuardianConfig.vettedTools	array
metadata.staticConfig.agentConfig.cascadeConfig.executorConfig.commandAssessorConfig.policyGuardianConfig.vettedTools.[]	string
metadata.staticConfig.agentConfig.cascadeConfig.executorConfig.disableAsync	boolean
metadata.staticConfig.agentConfig.cascadeConfig.executorConfig.enableAfkStopHook	boolean
metadata.staticConfig.agentConfig.cascadeConfig.executorConfig.enableHookStatus	boolean
metadata.staticConfig.agentConfig.cascadeConfig.executorConfig.enableTasks	boolean
metadata.staticConfig.agentConfig.cascadeConfig.executorConfig.holdForValidCheckpoint	boolean
metadata.staticConfig.agentConfig.cascadeConfig.executorConfig.holdForValidCheckpointTimeout	number
metadata.staticConfig.agentConfig.cascadeConfig.executorConfig.maxGeneratorInvocations	number
metadata.staticConfig.agentConfig.cascadeConfig.executorConfig.maxStopHookContinuations	number
metadata.staticConfig.agentConfig.cascadeConfig.executorConfig.queueAllSteps	boolean
metadata.staticConfig.agentConfig.cascadeConfig.executorConfig.requireFinishTool	boolean
metadata.staticConfig.agentConfig.cascadeConfig.executorConfig.storeGenSvcRequest	boolean
metadata.staticConfig.agentConfig.cascadeConfig.executorConfig.useAggressiveSnapshotting	boolean
metadata.staticConfig.agentConfig.cascadeConfig.executorConfig.useCoreDirect	boolean
metadata.staticConfig.agentConfig.cascadeConfig.messageConfig	object
metadata.staticConfig.agentConfig.cascadeConfig.messageConfig.enabled	boolean
metadata.staticConfig.agentConfig.cascadeConfig.plannerConfig	object
metadata.staticConfig.agentConfig.cascadeConfig.plannerConfig.agenticModeConfig	object
metadata.staticConfig.agentConfig.cascadeConfig.plannerConfig.agenticModeConfig.useSlashPlan	boolean
metadata.staticConfig.agentConfig.cascadeConfig.plannerConfig.customizationConfig	object
metadata.staticConfig.agentConfig.cascadeConfig.plannerConfig.customizationConfig.customizationDiscoveryConfig	object
metadata.staticConfig.agentConfig.cascadeConfig.plannerConfig.customizationConfig.customizationDiscoveryConfig.skills	object
metadata.staticConfig.agentConfig.cascadeConfig.plannerConfig.customizationConfig.customizationDiscoveryConfig.skills.inheritUser	boolean
metadata.staticConfig.agentConfig.cascadeConfig.plannerConfig.customizationConfig.customizationDiscoveryConfig.skills.skillsPaths	array
metadata.staticConfig.agentConfig.cascadeConfig.plannerConfig.customizationConfig.customizationDiscoveryConfig.skills.skillsPaths.[]	object
metadata.staticConfig.agentConfig.cascadeConfig.plannerConfig.customizationConfig.customizationDiscoveryConfig.skills.skillsPaths.[].absolute	string
metadata.staticConfig.agentConfig.cascadeConfig.plannerConfig.customizationConfig.enableJsonHooks	boolean
metadata.staticConfig.agentConfig.cascadeConfig.plannerConfig.customizationConfig.workspacePaths	object
metadata.staticConfig.agentConfig.cascadeConfig.plannerConfig.customizationConfig.workspacePaths.absolutePaths	array
metadata.staticConfig.agentConfig.cascadeConfig.plannerConfig.customizationConfig.workspacePaths.absolutePaths.[]	string
metadata.staticConfig.agentConfig.cascadeConfig.plannerConfig.customizationTokenBudget	number
metadata.staticConfig.agentConfig.cascadeConfig.plannerConfig.disableLoopDetection	boolean
metadata.staticConfig.agentConfig.cascadeConfig.plannerConfig.ephemeralMessagesConfig	object
metadata.staticConfig.agentConfig.cascadeConfig.plannerConfig.ephemeralMessagesConfig.browserEphemeralOptions	array
metadata.staticConfig.agentConfig.cascadeConfig.plannerConfig.ephemeralMessagesConfig.browserEphemeralOptions.[]	string
metadata.staticConfig.agentConfig.cascadeConfig.plannerConfig.ephemeralMessagesConfig.disabledHeuristics	array
metadata.staticConfig.agentConfig.cascadeConfig.plannerConfig.ephemeralMessagesConfig.disabledHeuristics.[]	string
metadata.staticConfig.agentConfig.cascadeConfig.plannerConfig.ephemeralMessagesConfig.enabled	boolean
metadata.staticConfig.agentConfig.cascadeConfig.plannerConfig.ephemeralMessagesConfig.persistenceLevel	string
metadata.staticConfig.agentConfig.cascadeConfig.plannerConfig.ephemeralMessagesConfig.useAllowlist	boolean
metadata.staticConfig.agentConfig.cascadeConfig.plannerConfig.experiments	object
metadata.staticConfig.agentConfig.cascadeConfig.plannerConfig.experiments.values	object
metadata.staticConfig.agentConfig.cascadeConfig.plannerConfig.experiments.values.disable-teamwork-forced-flash-model	object
metadata.staticConfig.agentConfig.cascadeConfig.plannerConfig.experiments.values.disable-teamwork-forced-flash-model.boolValue	boolean
metadata.staticConfig.agentConfig.cascadeConfig.plannerConfig.experiments.values.enable-background-task-accumulator	object
metadata.staticConfig.agentConfig.cascadeConfig.plannerConfig.experiments.values.enable-background-task-accumulator.boolValue	boolean
metadata.staticConfig.agentConfig.cascadeConfig.plannerConfig.experiments.values.enable-compact-slash-command	object
metadata.staticConfig.agentConfig.cascadeConfig.plannerConfig.experiments.values.enable-compact-slash-command.boolValue	boolean
metadata.staticConfig.agentConfig.cascadeConfig.plannerConfig.experiments.values.enable-cost-accumulator	object
metadata.staticConfig.agentConfig.cascadeConfig.plannerConfig.experiments.values.enable-cost-accumulator.boolValue	boolean
metadata.staticConfig.agentConfig.cascadeConfig.plannerConfig.experiments.values.enable-customization-skills	object
metadata.staticConfig.agentConfig.cascadeConfig.plannerConfig.experiments.values.enable-customization-skills.boolValue	boolean
metadata.staticConfig.agentConfig.cascadeConfig.plannerConfig.experiments.values.enable-file-diff-accumulator	object
metadata.staticConfig.agentConfig.cascadeConfig.plannerConfig.experiments.values.enable-file-diff-accumulator.boolValue	boolean
metadata.staticConfig.agentConfig.cascadeConfig.plannerConfig.experiments.values.enable-generative-hooks	object
metadata.staticConfig.agentConfig.cascadeConfig.plannerConfig.experiments.values.enable-generative-hooks.boolValue	boolean
metadata.staticConfig.agentConfig.cascadeConfig.plannerConfig.experiments.values.enable-markdown-agents	object
metadata.staticConfig.agentConfig.cascadeConfig.plannerConfig.experiments.values.enable-markdown-agents.boolValue	boolean
metadata.staticConfig.agentConfig.cascadeConfig.plannerConfig.experiments.values.enable-owl-slash-command	object
metadata.staticConfig.agentConfig.cascadeConfig.plannerConfig.experiments.values.enable-owl-slash-command.boolValue	boolean
metadata.staticConfig.agentConfig.cascadeConfig.plannerConfig.experiments.values.enable-permissioned-github	object
metadata.staticConfig.agentConfig.cascadeConfig.plannerConfig.experiments.values.enable-permissioned-github.boolValue	boolean
metadata.staticConfig.agentConfig.cascadeConfig.plannerConfig.experiments.values.enable-skill-accumulator	object
metadata.staticConfig.agentConfig.cascadeConfig.plannerConfig.experiments.values.enable-skill-accumulator.boolValue	boolean
metadata.staticConfig.agentConfig.cascadeConfig.plannerConfig.experiments.values.enable-state-accumulator	object
metadata.staticConfig.agentConfig.cascadeConfig.plannerConfig.experiments.values.enable-state-accumulator.boolValue	boolean
metadata.staticConfig.agentConfig.cascadeConfig.plannerConfig.experiments.values.enable-teamwork-subagent	object
metadata.staticConfig.agentConfig.cascadeConfig.plannerConfig.experiments.values.enable-teamwork-subagent.boolValue	boolean
metadata.staticConfig.agentConfig.cascadeConfig.plannerConfig.experiments.values.enable-trustedcli-config-files	object
metadata.staticConfig.agentConfig.cascadeConfig.plannerConfig.experiments.values.enable-trustedcli-config-files.boolValue	boolean
metadata.staticConfig.agentConfig.cascadeConfig.plannerConfig.experiments.values.enable-url-artifacts	object
metadata.staticConfig.agentConfig.cascadeConfig.plannerConfig.experiments.values.enable-url-artifacts.boolValue	boolean
metadata.staticConfig.agentConfig.cascadeConfig.plannerConfig.experiments.values.jetski-autonomous-mode	object
metadata.staticConfig.agentConfig.cascadeConfig.plannerConfig.experiments.values.jetski-autonomous-mode.boolValue	boolean
metadata.staticConfig.agentConfig.cascadeConfig.plannerConfig.experiments.values.jetski-generative-ui	object
metadata.staticConfig.agentConfig.cascadeConfig.plannerConfig.experiments.values.jetski-generative-ui.boolValue	boolean
metadata.staticConfig.agentConfig.cascadeConfig.plannerConfig.experiments.values.jetski-unified-customizations-panel-enabled	object
metadata.staticConfig.agentConfig.cascadeConfig.plannerConfig.experiments.values.jetski-unified-customizations-panel-enabled.boolValue	boolean
metadata.staticConfig.agentConfig.cascadeConfig.plannerConfig.experiments.values.json-hooks-enabled	object
metadata.staticConfig.agentConfig.cascadeConfig.plannerConfig.experiments.values.json-hooks-enabled.boolValue	boolean
metadata.staticConfig.agentConfig.cascadeConfig.plannerConfig.experiments.values.use-component-rewrite	object
metadata.staticConfig.agentConfig.cascadeConfig.plannerConfig.experiments.values.use-component-rewrite.boolValue	boolean
metadata.staticConfig.agentConfig.cascadeConfig.plannerConfig.knowledgeConfig	object
metadata.staticConfig.agentConfig.cascadeConfig.plannerConfig.knowledgeConfig.enabled	boolean
metadata.staticConfig.agentConfig.cascadeConfig.plannerConfig.knowledgeConfig.maxArtifactsPerKi	number
metadata.staticConfig.agentConfig.cascadeConfig.plannerConfig.knowledgeConfig.maxContextTokens	number
metadata.staticConfig.agentConfig.cascadeConfig.plannerConfig.knowledgeConfig.maxInvocations	number
metadata.staticConfig.agentConfig.cascadeConfig.plannerConfig.knowledgeConfig.maxKnowledgeItems	number
metadata.staticConfig.agentConfig.cascadeConfig.plannerConfig.knowledgeConfig.maxSummaryLength	number
metadata.staticConfig.agentConfig.cascadeConfig.plannerConfig.knowledgeConfig.maxTitleLength	number
metadata.staticConfig.agentConfig.cascadeConfig.plannerConfig.knowledgeConfig.minTurnsBetweenKnowledgeGeneration	number
metadata.staticConfig.agentConfig.cascadeConfig.plannerConfig.knowledgeConfig.model	string
metadata.staticConfig.agentConfig.cascadeConfig.plannerConfig.maxOutputTokens	number
metadata.staticConfig.agentConfig.cascadeConfig.plannerConfig.modelName	string
metadata.staticConfig.agentConfig.cascadeConfig.plannerConfig.noToolExplanation	boolean
metadata.staticConfig.agentConfig.cascadeConfig.plannerConfig.noToolSummary	boolean
metadata.staticConfig.agentConfig.cascadeConfig.plannerConfig.noWaitForPreviousTools	boolean
metadata.staticConfig.agentConfig.cascadeConfig.plannerConfig.planModel	string
metadata.staticConfig.agentConfig.cascadeConfig.plannerConfig.requestedModel	object
metadata.staticConfig.agentConfig.cascadeConfig.plannerConfig.requestedModel.model	string
metadata.staticConfig.agentConfig.cascadeConfig.plannerConfig.retryConfig	object
metadata.staticConfig.agentConfig.cascadeConfig.plannerConfig.retryConfig.apiRetry	object
metadata.staticConfig.agentConfig.cascadeConfig.plannerConfig.retryConfig.apiRetry.exponentialMultiplier	number
metadata.staticConfig.agentConfig.cascadeConfig.plannerConfig.retryConfig.apiRetry.includeErrorFeedback	boolean
metadata.staticConfig.agentConfig.cascadeConfig.plannerConfig.retryConfig.apiRetry.initialSleepDurationMs	number
metadata.staticConfig.agentConfig.cascadeConfig.plannerConfig.retryConfig.apiRetry.maxRetries	number
metadata.staticConfig.agentConfig.cascadeConfig.plannerConfig.retryConfig.apiRetry.range	number
metadata.staticConfig.agentConfig.cascadeConfig.plannerConfig.retryConfig.modelOutputRetry	object
metadata.staticConfig.agentConfig.cascadeConfig.plannerConfig.retryConfig.modelOutputRetry.forbidToolUse	boolean
metadata.staticConfig.agentConfig.cascadeConfig.plannerConfig.retryConfig.modelOutputRetry.maxRetries	number
metadata.staticConfig.agentConfig.cascadeConfig.plannerConfig.retryConfig.modelOutputRetry.retryOnlyOnInvalidArgs	boolean
metadata.staticConfig.agentConfig.cascadeConfig.plannerConfig.toolConfig	object
metadata.staticConfig.agentConfig.cascadeConfig.plannerConfig.toolConfig.antigravityBrowser	object
metadata.staticConfig.agentConfig.cascadeConfig.plannerConfig.toolConfig.antigravityBrowser.browserGetNetworkRequestToolConfig	object
metadata.staticConfig.agentConfig.cascadeConfig.plannerConfig.toolConfig.antigravityBrowser.browserGetNetworkRequestToolConfig.enabled	boolean
metadata.staticConfig.agentConfig.cascadeConfig.plannerConfig.toolConfig.antigravityBrowser.browserJsExecutionPolicy	string
metadata.staticConfig.agentConfig.cascadeConfig.plannerConfig.toolConfig.antigravityBrowser.browserListNetworkRequestsToolConfig	object
metadata.staticConfig.agentConfig.cascadeConfig.plannerConfig.toolConfig.antigravityBrowser.browserListNetworkRequestsToolConfig.enabled	boolean
metadata.staticConfig.agentConfig.cascadeConfig.plannerConfig.toolConfig.antigravityBrowser.browserStateDiffingConfig	object
metadata.staticConfig.agentConfig.cascadeConfig.plannerConfig.toolConfig.antigravityBrowser.browserStateDiffingConfig.captureAgentActionDiffs	boolean
metadata.staticConfig.agentConfig.cascadeConfig.plannerConfig.toolConfig.antigravityBrowser.browserStateDiffingConfig.includeDomTreeInDiffs	boolean
metadata.staticConfig.agentConfig.cascadeConfig.plannerConfig.toolConfig.antigravityBrowser.browserSubagent	object
metadata.staticConfig.agentConfig.cascadeConfig.plannerConfig.toolConfig.antigravityBrowser.browserSubagent.browserSubagentModel	string
metadata.staticConfig.agentConfig.cascadeConfig.plannerConfig.toolConfig.antigravityBrowser.browserSubagent.contextConfig	object
metadata.staticConfig.agentConfig.cascadeConfig.plannerConfig.toolConfig.antigravityBrowser.browserSubagent.contextConfig.maxChars	number
metadata.staticConfig.agentConfig.cascadeConfig.plannerConfig.toolConfig.antigravityBrowser.browserSubagent.contextConfig.type	string
metadata.staticConfig.agentConfig.cascadeConfig.plannerConfig.toolConfig.antigravityBrowser.browserSubagent.disableOnboarding	boolean
metadata.staticConfig.agentConfig.cascadeConfig.plannerConfig.toolConfig.antigravityBrowser.browserSubagent.domExtractionConfig	object
metadata.staticConfig.agentConfig.cascadeConfig.plannerConfig.toolConfig.antigravityBrowser.browserSubagent.domExtractionConfig.includeCoordinates	boolean
metadata.staticConfig.agentConfig.cascadeConfig.plannerConfig.toolConfig.antigravityBrowser.browserSubagent.enableScratchpad	boolean
metadata.staticConfig.agentConfig.cascadeConfig.plannerConfig.toolConfig.antigravityBrowser.browserSubagent.lowLevelToolsConfig	object
metadata.staticConfig.agentConfig.cascadeConfig.plannerConfig.toolConfig.antigravityBrowser.browserSubagent.lowLevelToolsConfig.enableLowLevelToolsInstructions	boolean
metadata.staticConfig.agentConfig.cascadeConfig.plannerConfig.toolConfig.antigravityBrowser.browserSubagent.lowLevelToolsConfig.enableMouseTools	boolean
metadata.staticConfig.agentConfig.cascadeConfig.plannerConfig.toolConfig.antigravityBrowser.browserSubagent.maxContextTokens	number
metadata.staticConfig.agentConfig.cascadeConfig.plannerConfig.toolConfig.antigravityBrowser.browserSubagent.mode	string
metadata.staticConfig.agentConfig.cascadeConfig.plannerConfig.toolConfig.antigravityBrowser.browserSubagent.subagentReminderMode	object
metadata.staticConfig.agentConfig.cascadeConfig.plannerConfig.toolConfig.antigravityBrowser.browserSubagent.subagentReminderMode.verifyScreenshots	object
metadata.staticConfig.agentConfig.cascadeConfig.plannerConfig.toolConfig.antigravityBrowser.browserSubagent.useDetailedConverter	boolean
metadata.staticConfig.agentConfig.cascadeConfig.plannerConfig.toolConfig.antigravityBrowser.captureBrowserScreenshot	object
metadata.staticConfig.agentConfig.cascadeConfig.plannerConfig.toolConfig.antigravityBrowser.captureBrowserScreenshot.enableSaving	boolean
metadata.staticConfig.agentConfig.cascadeConfig.plannerConfig.toolConfig.antigravityBrowser.clickBrowserPixel	object
metadata.staticConfig.agentConfig.cascadeConfig.plannerConfig.toolConfig.antigravityBrowser.clickBrowserPixel.clickFeedback	object
metadata.staticConfig.agentConfig.cascadeConfig.plannerConfig.toolConfig.antigravityBrowser.clickBrowserPixel.clickFeedback.alpha	number
metadata.staticConfig.agentConfig.cascadeConfig.plannerConfig.toolConfig.antigravityBrowser.clickBrowserPixel.clickFeedback.blue	number
metadata.staticConfig.agentConfig.cascadeConfig.plannerConfig.toolConfig.antigravityBrowser.clickBrowserPixel.clickFeedback.displayColor	string
metadata.staticConfig.agentConfig.cascadeConfig.plannerConfig.toolConfig.antigravityBrowser.clickBrowserPixel.clickFeedback.enabled	boolean
metadata.staticConfig.agentConfig.cascadeConfig.plannerConfig.toolConfig.antigravityBrowser.clickBrowserPixel.clickFeedback.feedbackType	string
metadata.staticConfig.agentConfig.cascadeConfig.plannerConfig.toolConfig.antigravityBrowser.clickBrowserPixel.clickFeedback.green	number
metadata.staticConfig.agentConfig.cascadeConfig.plannerConfig.toolConfig.antigravityBrowser.clickBrowserPixel.clickFeedback.radius	number
metadata.staticConfig.agentConfig.cascadeConfig.plannerConfig.toolConfig.antigravityBrowser.clickBrowserPixel.clickFeedback.red	number
metadata.staticConfig.agentConfig.cascadeConfig.plannerConfig.toolConfig.antigravityBrowser.disableOpenUrl	boolean
metadata.staticConfig.agentConfig.cascadeConfig.plannerConfig.toolConfig.antigravityBrowser.disableReadBrowserPage	boolean
metadata.staticConfig.agentConfig.cascadeConfig.plannerConfig.toolConfig.antigravityBrowser.displayOnCrd	boolean
metadata.staticConfig.agentConfig.cascadeConfig.plannerConfig.toolConfig.antigravityBrowser.domExtractionConfig	object
metadata.staticConfig.agentConfig.cascadeConfig.plannerConfig.toolConfig.antigravityBrowser.domExtractionConfig.includeCoordinates	boolean
metadata.staticConfig.agentConfig.cascadeConfig.plannerConfig.toolConfig.antigravityBrowser.enableArk	boolean
metadata.staticConfig.agentConfig.cascadeConfig.plannerConfig.toolConfig.antigravityBrowser.enableBrowserSubagentV2	boolean
metadata.staticConfig.agentConfig.cascadeConfig.plannerConfig.toolConfig.antigravityBrowser.enableRefreshTool	boolean
metadata.staticConfig.agentConfig.cascadeConfig.plannerConfig.toolConfig.antigravityBrowser.enabled	boolean
metadata.staticConfig.agentConfig.cascadeConfig.plannerConfig.toolConfig.antigravityBrowser.generateRecordingSynchronously	boolean
metadata.staticConfig.agentConfig.cascadeConfig.plannerConfig.toolConfig.antigravityBrowser.logTimeoutErrorsInsteadOfSentry	boolean
metadata.staticConfig.agentConfig.cascadeConfig.plannerConfig.toolConfig.antigravityBrowser.skipPermissionChecks	boolean
metadata.staticConfig.agentConfig.cascadeConfig.plannerConfig.toolConfig.antigravityBrowser.toolSetMode	string
metadata.staticConfig.agentConfig.cascadeConfig.plannerConfig.toolConfig.antigravityBrowser.useAntigravityAsBrowserPrompting	boolean
metadata.staticConfig.agentConfig.cascadeConfig.plannerConfig.toolConfig.antigravityBrowser.useExtendedTimeout	boolean
metadata.staticConfig.agentConfig.cascadeConfig.plannerConfig.toolConfig.antigravityBrowser.variableWaitTool	boolean
metadata.staticConfig.agentConfig.cascadeConfig.plannerConfig.toolConfig.askQuestion	object
metadata.staticConfig.agentConfig.cascadeConfig.plannerConfig.toolConfig.askQuestion.enabled	boolean
metadata.staticConfig.agentConfig.cascadeConfig.plannerConfig.toolConfig.autoAllowAllInteractions	boolean
metadata.staticConfig.agentConfig.cascadeConfig.plannerConfig.toolConfig.code	object
metadata.staticConfig.agentConfig.cascadeConfig.plannerConfig.toolConfig.code.allowEditGitignore	boolean
metadata.staticConfig.agentConfig.cascadeConfig.plannerConfig.toolConfig.code.applyEdits	boolean
metadata.staticConfig.agentConfig.cascadeConfig.plannerConfig.toolConfig.code.autoFixLintsConfig	object
metadata.staticConfig.agentConfig.cascadeConfig.plannerConfig.toolConfig.code.autoFixLintsConfig.enabled	boolean
metadata.staticConfig.agentConfig.cascadeConfig.plannerConfig.toolConfig.code.autoFixLintsConfig.notifyingPrompt	string
metadata.staticConfig.agentConfig.cascadeConfig.plannerConfig.toolConfig.code.classifyEdit	boolean
metadata.staticConfig.agentConfig.cascadeConfig.plannerConfig.toolConfig.code.disableExtensions	array
metadata.staticConfig.agentConfig.cascadeConfig.plannerConfig.toolConfig.code.disableExtensions.[]	string
metadata.staticConfig.agentConfig.cascadeConfig.plannerConfig.toolConfig.code.provideImportance	boolean
metadata.staticConfig.agentConfig.cascadeConfig.plannerConfig.toolConfig.code.replaceContentToolConfig	object
metadata.staticConfig.agentConfig.cascadeConfig.plannerConfig.toolConfig.code.replaceContentToolConfig.allowPartialReplacementSuccess	boolean
metadata.staticConfig.agentConfig.cascadeConfig.plannerConfig.toolConfig.code.replaceContentToolConfig.disableAllowMultiple	boolean
metadata.staticConfig.agentConfig.cascadeConfig.plannerConfig.toolConfig.code.replaceContentToolConfig.fastApplyFallbackConfig	object
metadata.staticConfig.agentConfig.cascadeConfig.plannerConfig.toolConfig.code.replaceContentToolConfig.fastApplyFallbackConfig.contentEditRadiusLines	number
metadata.staticConfig.agentConfig.cascadeConfig.plannerConfig.toolConfig.code.replaceContentToolConfig.fastApplyFallbackConfig.contentViewRadiusLines	number
metadata.staticConfig.agentConfig.cascadeConfig.plannerConfig.toolConfig.code.replaceContentToolConfig.fastApplyFallbackConfig.enabled	boolean
metadata.staticConfig.agentConfig.cascadeConfig.plannerConfig.toolConfig.code.replaceContentToolConfig.fastApplyFallbackConfig.fastApplyModel	string
metadata.staticConfig.agentConfig.cascadeConfig.plannerConfig.toolConfig.code.replaceContentToolConfig.fastApplyFallbackConfig.promptUnchangedThreshold	number
metadata.staticConfig.agentConfig.cascadeConfig.plannerConfig.toolConfig.code.replaceContentToolConfig.maxFuzzyEditDistanceFraction	number
metadata.staticConfig.agentConfig.cascadeConfig.plannerConfig.toolConfig.code.replaceContentToolConfig.showTriggeredMemories	boolean
metadata.staticConfig.agentConfig.cascadeConfig.plannerConfig.toolConfig.code.replaceContentToolConfig.toolVariant	string
metadata.staticConfig.agentConfig.cascadeConfig.plannerConfig.toolConfig.code.replaceContentToolConfig.useLineRange	boolean
metadata.staticConfig.agentConfig.cascadeConfig.plannerConfig.toolConfig.code.skipAwaitLintErrors	boolean
metadata.staticConfig.agentConfig.cascadeConfig.plannerConfig.toolConfig.code.useReplaceContentProposeCode	boolean
metadata.staticConfig.agentConfig.cascadeConfig.plannerConfig.toolConfig.code.useSedEdit	boolean
metadata.staticConfig.agentConfig.cascadeConfig.plannerConfig.toolConfig.codeSearch	object
metadata.staticConfig.agentConfig.cascadeConfig.plannerConfig.toolConfig.codeSearch.forceDisable	boolean
metadata.staticConfig.agentConfig.cascadeConfig.plannerConfig.toolConfig.codeSearch.useDetailedSearchGuidanceInDi	boolean
metadata.staticConfig.agentConfig.cascadeConfig.plannerConfig.toolConfig.commandStatus	object
metadata.staticConfig.agentConfig.cascadeConfig.plannerConfig.toolConfig.commandStatus.enableInputDetection	boolean
metadata.staticConfig.agentConfig.cascadeConfig.plannerConfig.toolConfig.commandStatus.inputDetectionModel	string
metadata.staticConfig.agentConfig.cascadeConfig.plannerConfig.toolConfig.commandStatus.maxOutputCharacters	number
metadata.staticConfig.agentConfig.cascadeConfig.plannerConfig.toolConfig.commandStatus.maxWaitDurationSeconds	number
metadata.staticConfig.agentConfig.cascadeConfig.plannerConfig.toolConfig.commandStatus.minOutputCharacters	number
metadata.staticConfig.agentConfig.cascadeConfig.plannerConfig.toolConfig.commandStatus.outputStabilizationDurationSeconds	number
metadata.staticConfig.agentConfig.cascadeConfig.plannerConfig.toolConfig.commandStatus.useDelta	boolean
metadata.staticConfig.agentConfig.cascadeConfig.plannerConfig.toolConfig.find	object
metadata.staticConfig.agentConfig.cascadeConfig.plannerConfig.toolConfig.find.disableFallbackToLocalExecution	boolean
metadata.staticConfig.agentConfig.cascadeConfig.plannerConfig.toolConfig.find.forceDisable	boolean
metadata.staticConfig.agentConfig.cascadeConfig.plannerConfig.toolConfig.find.maxFindResults	number
metadata.staticConfig.agentConfig.cascadeConfig.plannerConfig.toolConfig.find.useCodeSearch	boolean
metadata.staticConfig.agentConfig.cascadeConfig.plannerConfig.toolConfig.finish	object
metadata.staticConfig.agentConfig.cascadeConfig.plannerConfig.toolConfig.forceEnableSendMessageTool	boolean
metadata.staticConfig.agentConfig.cascadeConfig.plannerConfig.toolConfig.grep	object
metadata.staticConfig.agentConfig.cascadeConfig.plannerConfig.toolConfig.grep.disableFallbackToLocalExecution	boolean
metadata.staticConfig.agentConfig.cascadeConfig.plannerConfig.toolConfig.grep.maxGrepResults	number
metadata.staticConfig.agentConfig.cascadeConfig.plannerConfig.toolConfig.grep.useCodeSearch	boolean
metadata.staticConfig.agentConfig.cascadeConfig.plannerConfig.toolConfig.intent	object
metadata.staticConfig.agentConfig.cascadeConfig.plannerConfig.toolConfig.intent.intentModel	string
metadata.staticConfig.agentConfig.cascadeConfig.plannerConfig.toolConfig.intent.maxContextTokens	number
metadata.staticConfig.agentConfig.cascadeConfig.plannerConfig.toolConfig.internalSearch	object
metadata.staticConfig.agentConfig.cascadeConfig.plannerConfig.toolConfig.internalSearch.maxContentLength	number
metadata.staticConfig.agentConfig.cascadeConfig.plannerConfig.toolConfig.internalSearch.maxResults	number
metadata.staticConfig.agentConfig.cascadeConfig.plannerConfig.toolConfig.invokeSubagent	object
metadata.staticConfig.agentConfig.cascadeConfig.plannerConfig.toolConfig.invokeSubagent.allowFork	boolean
metadata.staticConfig.agentConfig.cascadeConfig.plannerConfig.toolConfig.invokeSubagent.allowTaskMode	boolean
metadata.staticConfig.agentConfig.cascadeConfig.plannerConfig.toolConfig.invokeSubagent.alwaysInheritModel	boolean
metadata.staticConfig.agentConfig.cascadeConfig.plannerConfig.toolConfig.invokeSubagent.enabled	boolean
metadata.staticConfig.agentConfig.cascadeConfig.plannerConfig.toolConfig.invokeSubagent.maxNestingDepth	number
metadata.staticConfig.agentConfig.cascadeConfig.plannerConfig.toolConfig.listDir	object
metadata.staticConfig.agentConfig.cascadeConfig.plannerConfig.toolConfig.mcp	object
metadata.staticConfig.agentConfig.cascadeConfig.plannerConfig.toolConfig.mcp.forceDisable	boolean
metadata.staticConfig.agentConfig.cascadeConfig.plannerConfig.toolConfig.mcp.maxOutputBytes	number
metadata.staticConfig.agentConfig.cascadeConfig.plannerConfig.toolConfig.notebookEdit	object
metadata.staticConfig.agentConfig.cascadeConfig.plannerConfig.toolConfig.notebookEdit.enabled	boolean
metadata.staticConfig.agentConfig.cascadeConfig.plannerConfig.toolConfig.notifyUser	object
metadata.staticConfig.agentConfig.cascadeConfig.plannerConfig.toolConfig.notifyUser.artifactReviewMode	string
metadata.staticConfig.agentConfig.cascadeConfig.plannerConfig.toolConfig.permissionConfig	object
metadata.staticConfig.agentConfig.cascadeConfig.plannerConfig.toolConfig.permissionConfig.defaultGrants	object
metadata.staticConfig.agentConfig.cascadeConfig.plannerConfig.toolConfig.permissionConfig.defaultGrants.allow	array
metadata.staticConfig.agentConfig.cascadeConfig.plannerConfig.toolConfig.permissionConfig.defaultGrants.allow.[]	string
metadata.staticConfig.agentConfig.cascadeConfig.plannerConfig.toolConfig.permissionConfig.effectiveGrants	object
metadata.staticConfig.agentConfig.cascadeConfig.plannerConfig.toolConfig.permissionConfig.effectiveGrants.allow	array
metadata.staticConfig.agentConfig.cascadeConfig.plannerConfig.toolConfig.permissionConfig.effectiveGrants.allow.[]	string
metadata.staticConfig.agentConfig.cascadeConfig.plannerConfig.toolConfig.permissionConfig.effectiveGrants.ask	array
metadata.staticConfig.agentConfig.cascadeConfig.plannerConfig.toolConfig.permissionConfig.effectiveGrants.ask.[]	string
metadata.staticConfig.agentConfig.cascadeConfig.plannerConfig.toolConfig.permissionConfig.effectivePermissionPreset	string
metadata.staticConfig.agentConfig.cascadeConfig.plannerConfig.toolConfig.permissionConfig.enterpriseConfig	object
metadata.staticConfig.agentConfig.cascadeConfig.plannerConfig.toolConfig.permissionConfig.enterpriseConfig.enforceWorkspaceValidation	boolean
metadata.staticConfig.agentConfig.cascadeConfig.plannerConfig.toolConfig.runCommand	object
metadata.staticConfig.agentConfig.cascadeConfig.plannerConfig.toolConfig.runCommand.autoCommandConfig	object
metadata.staticConfig.agentConfig.cascadeConfig.plannerConfig.toolConfig.runCommand.autoCommandConfig.autoExecutionPolicy	string
metadata.staticConfig.agentConfig.cascadeConfig.plannerConfig.toolConfig.runCommand.autoCommandConfig.sandboxSystemAllowlist	array
metadata.staticConfig.agentConfig.cascadeConfig.plannerConfig.toolConfig.runCommand.autoCommandConfig.sandboxSystemAllowlist.[]	string
metadata.staticConfig.agentConfig.cascadeConfig.plannerConfig.toolConfig.runCommand.enableDaemonCommands	boolean
metadata.staticConfig.agentConfig.cascadeConfig.plannerConfig.toolConfig.runCommand.enableIdeTerminalExecution	boolean
metadata.staticConfig.agentConfig.cascadeConfig.plannerConfig.toolConfig.runCommand.enablePersistentMode	boolean
metadata.staticConfig.agentConfig.cascadeConfig.plannerConfig.toolConfig.runCommand.enablePty	boolean
metadata.staticConfig.agentConfig.cascadeConfig.plannerConfig.toolConfig.runCommand.enableTerminalSandbox	boolean
metadata.staticConfig.agentConfig.cascadeConfig.plannerConfig.toolConfig.runCommand.enableTimeoutNotification	boolean
metadata.staticConfig.agentConfig.cascadeConfig.plannerConfig.toolConfig.runCommand.forbidSearchCommands	boolean
metadata.staticConfig.agentConfig.cascadeConfig.plannerConfig.toolConfig.runCommand.forceDisable	boolean
metadata.staticConfig.agentConfig.cascadeConfig.plannerConfig.toolConfig.runCommand.forceGoTerminalExecution	boolean
metadata.staticConfig.agentConfig.cascadeConfig.plannerConfig.toolConfig.runCommand.maxCharsCommandStdout	number
metadata.staticConfig.agentConfig.cascadeConfig.plannerConfig.toolConfig.runCommand.searchFallbackMode	string
metadata.staticConfig.agentConfig.cascadeConfig.plannerConfig.toolConfig.runCommand.shellName	string
metadata.staticConfig.agentConfig.cascadeConfig.plannerConfig.toolConfig.runCommand.shellPath	string
metadata.staticConfig.agentConfig.cascadeConfig.plannerConfig.toolConfig.schedule	object
metadata.staticConfig.agentConfig.cascadeConfig.plannerConfig.toolConfig.schedule.enableDaemon	boolean
metadata.staticConfig.agentConfig.cascadeConfig.plannerConfig.toolConfig.schedule.enabled	boolean
metadata.staticConfig.agentConfig.cascadeConfig.plannerConfig.toolConfig.searchWeb	object
metadata.staticConfig.agentConfig.cascadeConfig.plannerConfig.toolConfig.searchWeb.forceDisable	boolean
metadata.staticConfig.agentConfig.cascadeConfig.plannerConfig.toolConfig.searchWeb.thirdPartyConfig	object
metadata.staticConfig.agentConfig.cascadeConfig.plannerConfig.toolConfig.searchWeb.thirdPartyConfig.provider	string
metadata.staticConfig.agentConfig.cascadeConfig.plannerConfig.toolConfig.suggestedResponse	object
metadata.staticConfig.agentConfig.cascadeConfig.plannerConfig.toolConfig.suggestedResponse.forceDisable	boolean
metadata.staticConfig.agentConfig.cascadeConfig.plannerConfig.toolConfig.toolOutput	object
metadata.staticConfig.agentConfig.cascadeConfig.plannerConfig.toolConfig.toolOutput.maxOutputBytes	number
metadata.staticConfig.agentConfig.cascadeConfig.plannerConfig.toolConfig.userInteractionTimeoutSeconds	number
metadata.staticConfig.agentConfig.cascadeConfig.plannerConfig.toolConfig.viewFile	object
metadata.staticConfig.agentConfig.cascadeConfig.plannerConfig.toolConfig.viewFile.allowViewGitignore	boolean
metadata.staticConfig.agentConfig.cascadeConfig.plannerConfig.toolConfig.viewFile.includeLineNumbers	boolean
metadata.staticConfig.agentConfig.cascadeConfig.plannerConfig.toolConfig.viewFile.maxBytesPerOutlineItem	number
metadata.staticConfig.agentConfig.cascadeConfig.plannerConfig.toolConfig.viewFile.maxBytesPerView	number
metadata.staticConfig.agentConfig.cascadeConfig.plannerConfig.toolConfig.viewFile.maxLinesPerView	number
metadata.staticConfig.agentConfig.cascadeConfig.plannerConfig.toolConfig.viewFile.maxTotalOutlineBytes	number
metadata.staticConfig.agentConfig.cascadeConfig.plannerConfig.toolConfig.viewFile.showFullFileBytes	number
metadata.staticConfig.agentConfig.cascadeConfig.plannerConfig.toolConfig.viewFile.showTriggeredMemories	boolean
metadata.staticConfig.agentConfig.cascadeConfig.plannerConfig.toolConfig.viewFile.splitOutlineTool	boolean
metadata.staticConfig.agentConfig.cascadeConfig.plannerConfig.toolConfig.wait	object
metadata.staticConfig.agentConfig.cascadeConfig.plannerConfig.toolConfig.wait.enabled	boolean
metadata.staticConfig.agentConfig.cascadeConfig.plannerConfig.useAiCredits	boolean
metadata.staticConfig.agentConfig.cascadeConfig.trajectoryConversionConfig	object
metadata.staticConfig.agentConfig.cascadeConfig.trajectoryConversionConfig.appendEphemeralToPreviousToolResult	boolean
metadata.staticConfig.agentConfig.cascadeConfig.trajectoryConversionConfig.disableStepId	boolean
metadata.staticConfig.agentConfig.cascadeConfig.trajectoryConversionConfig.disableSystemMessageMerging	boolean
metadata.staticConfig.agentConfig.cascadeConfig.trajectoryConversionConfig.disableSystemMessageTag	boolean
metadata.staticConfig.agentConfig.cascadeConfig.trajectoryConversionConfig.discardErroredPlannerResponses	boolean
metadata.staticConfig.agentConfig.cascadeConfig.trajectoryConversionConfig.discardLoopingPlannerResponses	boolean
metadata.staticConfig.agentConfig.cascadeConfig.trajectoryConversionConfig.enableContextRole	boolean
metadata.staticConfig.agentConfig.cascadeConfig.trajectoryConversionConfig.enableToolTimestamp	boolean
metadata.staticConfig.agentConfig.cascadeConfig.trajectoryConversionConfig.errorOnTruncationWithoutCheckpoint	boolean
metadata.staticConfig.agentConfig.cascadeConfig.trajectoryConversionConfig.logArtifactsConfig	object
metadata.staticConfig.agentConfig.cascadeConfig.trajectoryConversionConfig.logArtifactsConfig.enabled	boolean
metadata.staticConfig.agentConfig.cascadeConfig.trajectoryConversionConfig.logArtifactsConfig.hideNominalToolSteps	boolean
metadata.staticConfig.agentConfig.cascadeConfig.trajectoryConversionConfig.logArtifactsConfig.hidePlannerResponseText	boolean
metadata.staticConfig.agentConfig.cascadeConfig.trajectoryConversionConfig.logArtifactsConfig.hideSystemSteps	boolean
metadata.staticConfig.agentConfig.cascadeConfig.trajectoryConversionConfig.logArtifactsConfig.hideUserImplicitSteps	boolean
metadata.staticConfig.agentConfig.cascadeConfig.trajectoryConversionConfig.logArtifactsConfig.maxBytesPerStep	number
metadata.staticConfig.agentConfig.cascadeConfig.trajectoryConversionConfig.logArtifactsConfig.maxBytesPerToolArg	number
metadata.staticConfig.agentConfig.cascadeConfig.trajectoryConversionConfig.maxTokensPerStep	number
metadata.staticConfig.agentConfig.cascadeConfig.trajectoryConversionConfig.maxTokensPerUserInputStep	number
metadata.staticConfig.agentConfig.cascadeConfig.trajectoryConversionConfig.raiseStepConversionError	boolean
metadata.staticConfig.agentConfig.cascadeConfig.trajectoryConversionConfig.showModelSelectionChange	boolean
metadata.staticConfig.agentConfig.cascadeConfig.trajectoryConversionConfig.taskDetailsSuffix	string
metadata.staticConfig.agentConfig.cascadeConfig.trajectoryConversionConfig.useRawUserMessage	boolean
metadata.staticConfig.agentConfig.cascadeConfig.trajectoryConversionConfig.useStructuredToolResponses	boolean
metadata.staticConfig.agentConfig.cascadeConfig.trajectoryConversionConfig.wrapToolResponses	boolean
metadata.staticConfig.agentConfig.customizationDiscovery	object
metadata.staticConfig.agentConfig.customizationDiscovery.agents	object
metadata.staticConfig.agentConfig.customizationDiscovery.agents.builtinAgentNames	array
metadata.staticConfig.agentConfig.customizationDiscovery.agents.builtinAgentNames.[]	string
metadata.staticConfig.agentConfig.customizationDiscovery.agents.inheritUser	boolean
metadata.staticConfig.agentConfig.customizationDiscovery.hooks	object
metadata.staticConfig.agentConfig.customizationDiscovery.hooks.inheritUser	boolean
metadata.staticConfig.agentConfig.customizationDiscovery.mcp	object
metadata.staticConfig.agentConfig.customizationDiscovery.mcp.inheritUser	boolean
metadata.staticConfig.agentConfig.customizationDiscovery.plugins	object
metadata.staticConfig.agentConfig.customizationDiscovery.plugins.inheritUser	boolean
metadata.staticConfig.agentConfig.customizationDiscovery.rules	object
metadata.staticConfig.agentConfig.customizationDiscovery.rules.inheritUser	boolean
metadata.staticConfig.agentConfig.customizationDiscovery.skills	object
metadata.staticConfig.agentConfig.customizationDiscovery.skills.builtinSkillNames	array
metadata.staticConfig.agentConfig.customizationDiscovery.skills.builtinSkillNames.[]	string
metadata.staticConfig.agentConfig.customizationDiscovery.skills.exclude	array
metadata.staticConfig.agentConfig.customizationDiscovery.skills.exclude.[]	string
metadata.staticConfig.agentConfig.customizationDiscovery.skills.inheritUser	boolean
metadata.staticConfig.agentConfig.mixinConfig	object
metadata.staticConfig.agentConfig.mixinConfig.forceDisableFundamentalComponents	boolean
metadata.staticConfig.agentConfig.mixinConfig.postInvocationHooks	array
metadata.staticConfig.agentConfig.mixinConfig.postInvocationHooks.[]	object
metadata.staticConfig.agentConfig.mixinConfig.postInvocationHooks.[].builtin	boolean
metadata.staticConfig.agentConfig.mixinConfig.postInvocationHooks.[].name	string
metadata.staticConfig.agentConfig.mixinConfig.preInvocationHooks	array
metadata.staticConfig.agentConfig.mixinConfig.preInvocationHooks.[]	object
metadata.staticConfig.agentConfig.mixinConfig.preInvocationHooks.[].builtin	boolean
metadata.staticConfig.agentConfig.mixinConfig.preInvocationHooks.[].name	string
metadata.staticConfig.agentConfig.mixinConfig.preToolHooks	array
metadata.staticConfig.agentConfig.mixinConfig.preToolHooks.[]	object
metadata.staticConfig.agentConfig.mixinConfig.preToolHooks.[].builtin	boolean
metadata.staticConfig.agentConfig.mixinConfig.preToolHooks.[].name	string
metadata.staticConfig.agentConfig.mixinConfig.promptSections	array
metadata.staticConfig.agentConfig.mixinConfig.promptSections.[]	object
metadata.staticConfig.agentConfig.mixinConfig.promptSections.[].builtinName	string
metadata.staticConfig.agentConfig.mixinConfig.promptSections.[].custom	object
metadata.staticConfig.agentConfig.mixinConfig.promptSections.[].custom.content	string
metadata.staticConfig.agentConfig.mixinConfig.promptSections.[].custom.title	string
metadata.staticConfig.agentConfig.mixinConfig.stopHooks	array
metadata.staticConfig.agentConfig.mixinConfig.stopHooks.[]	object
metadata.staticConfig.agentConfig.mixinConfig.stopHooks.[].builtin	boolean
metadata.staticConfig.agentConfig.mixinConfig.stopHooks.[].name	string
metadata.staticConfig.agentConfig.mixinConfig.toolDecorators	array
metadata.staticConfig.agentConfig.mixinConfig.toolDecorators.[]	object
metadata.staticConfig.agentConfig.mixinConfig.toolDecorators.[].builtin	boolean
metadata.staticConfig.agentConfig.mixinConfig.toolDecorators.[].name	string
metadata.staticConfig.agentConfig.mixinConfig.tools	array
metadata.staticConfig.agentConfig.mixinConfig.tools.[]	object
metadata.staticConfig.agentConfig.mixinConfig.tools.[].builtin	boolean
metadata.staticConfig.agentConfig.mixinConfig.tools.[].name	string
metadata.staticConfig.cascadeConfig	object
metadata.staticConfig.cascadeConfig.executorConfig	object
metadata.staticConfig.cascadeConfig.executorConfig.useCoreDirect	boolean
metadata.staticConfig.cascadeConfig.plannerConfig	object
metadata.staticConfig.cascadeConfig.plannerConfig.experiments	object
metadata.staticConfig.cascadeConfig.plannerConfig.experiments.values	object
metadata.staticConfig.cascadeConfig.plannerConfig.experiments.values.convenient-multi-agent-coordination	object
metadata.staticConfig.cascadeConfig.plannerConfig.experiments.values.convenient-multi-agent-coordination.boolValue	boolean
metadata.staticConfig.cascadeConfig.plannerConfig.experiments.values.disable-teamwork-forced-flash-model	object
metadata.staticConfig.cascadeConfig.plannerConfig.experiments.values.disable-teamwork-forced-flash-model.boolValue	boolean
metadata.staticConfig.cascadeConfig.plannerConfig.experiments.values.enable-compact-slash-command	object
metadata.staticConfig.cascadeConfig.plannerConfig.experiments.values.enable-compact-slash-command.boolValue	boolean
metadata.staticConfig.cascadeConfig.plannerConfig.experiments.values.enable-cost-accumulator	object
metadata.staticConfig.cascadeConfig.plannerConfig.experiments.values.enable-cost-accumulator.boolValue	boolean
metadata.staticConfig.cascadeConfig.plannerConfig.experiments.values.enable-generative-hooks	object
metadata.staticConfig.cascadeConfig.plannerConfig.experiments.values.enable-generative-hooks.boolValue	boolean
metadata.staticConfig.cascadeConfig.plannerConfig.experiments.values.enable-owl-slash-command	object
metadata.staticConfig.cascadeConfig.plannerConfig.experiments.values.enable-owl-slash-command.boolValue	boolean
metadata.staticConfig.cascadeConfig.plannerConfig.experiments.values.enable-permissioned-github	object
metadata.staticConfig.cascadeConfig.plannerConfig.experiments.values.enable-permissioned-github.boolValue	boolean
metadata.staticConfig.cascadeConfig.plannerConfig.experiments.values.enable-subagent-hub	object
metadata.staticConfig.cascadeConfig.plannerConfig.experiments.values.enable-subagent-hub.boolValue	boolean
metadata.staticConfig.cascadeConfig.plannerConfig.experiments.values.enable-teamwork-subagent	object
metadata.staticConfig.cascadeConfig.plannerConfig.experiments.values.enable-teamwork-subagent.boolValue	boolean
metadata.staticConfig.cascadeConfig.plannerConfig.experiments.values.enable-trustedcli-config-files	object
metadata.staticConfig.cascadeConfig.plannerConfig.experiments.values.enable-trustedcli-config-files.boolValue	boolean
metadata.staticConfig.cascadeConfig.plannerConfig.experiments.values.enable-url-artifacts	object
metadata.staticConfig.cascadeConfig.plannerConfig.experiments.values.enable-url-artifacts.boolValue	boolean
metadata.staticConfig.cascadeConfig.plannerConfig.experiments.values.jetski-autonomous-mode	object
metadata.staticConfig.cascadeConfig.plannerConfig.experiments.values.jetski-autonomous-mode.boolValue	boolean
metadata.staticConfig.cascadeConfig.plannerConfig.experiments.values.jetski-generative-ui	object
metadata.staticConfig.cascadeConfig.plannerConfig.experiments.values.jetski-generative-ui.boolValue	boolean
metadata.staticConfig.cascadeConfig.plannerConfig.experiments.values.jetski-unified-customizations-panel-enabled	object
metadata.staticConfig.cascadeConfig.plannerConfig.experiments.values.jetski-unified-customizations-panel-enabled.boolValue	boolean
metadata.staticConfig.cascadeConfig.plannerConfig.experiments.values.use-component-rewrite	object
metadata.staticConfig.cascadeConfig.plannerConfig.experiments.values.use-component-rewrite.boolValue	boolean
metadata.staticConfig.cascadeConfig.plannerConfig.retryConfig	object
metadata.staticConfig.cascadeConfig.plannerConfig.retryConfig.apiRetry	object
metadata.staticConfig.cascadeConfig.plannerConfig.retryConfig.apiRetry.exponentialMultiplier	number
metadata.staticConfig.cascadeConfig.plannerConfig.retryConfig.apiRetry.includeErrorFeedback	boolean
metadata.staticConfig.cascadeConfig.plannerConfig.retryConfig.apiRetry.initialSleepDurationMs	number
metadata.staticConfig.cascadeConfig.plannerConfig.retryConfig.apiRetry.maxRetries	number
metadata.staticConfig.cascadeConfig.plannerConfig.retryConfig.apiRetry.maxSleepDurationMs	string
metadata.staticConfig.cascadeConfig.plannerConfig.retryConfig.apiRetry.range	number
metadata.staticConfig.cascadeConfig.plannerConfig.retryConfig.modelOutputRetry	object
metadata.staticConfig.cascadeConfig.plannerConfig.retryConfig.modelOutputRetry.forbidToolUse	boolean
metadata.staticConfig.cascadeConfig.plannerConfig.retryConfig.modelOutputRetry.maxRetries	number
metadata.staticConfig.cascadeConfig.plannerConfig.retryConfig.modelOutputRetry.retryOnlyOnInvalidArgs	boolean
metadata.staticConfig.cascadeConfig.plannerConfig.toolConfig	object
metadata.staticConfig.cascadeConfig.plannerConfig.toolConfig.autoAllowAllInteractions	boolean
metadata.staticConfig.cascadeConfig.plannerConfig.toolConfig.notifyUser	object
metadata.staticConfig.cascadeConfig.plannerConfig.toolConfig.notifyUser.artifactReviewMode	string
metadata.staticConfig.cascadeConfig.plannerConfig.toolConfig.permissionConfig	object
metadata.staticConfig.cascadeConfig.plannerConfig.toolConfig.permissionConfig.defaultGrants	object
metadata.staticConfig.cascadeConfig.plannerConfig.toolConfig.permissionConfig.defaultGrants.allow	array
metadata.staticConfig.cascadeConfig.plannerConfig.toolConfig.permissionConfig.defaultGrants.allow.[]	string
metadata.staticConfig.cascadeConfig.plannerConfig.toolConfig.permissionConfig.effectiveGrants	object
metadata.staticConfig.cascadeConfig.plannerConfig.toolConfig.permissionConfig.effectiveGrants.allow	array
metadata.staticConfig.cascadeConfig.plannerConfig.toolConfig.permissionConfig.effectiveGrants.allow.[]	string
metadata.staticConfig.cascadeConfig.plannerConfig.toolConfig.permissionConfig.effectiveGrants.ask	array
metadata.staticConfig.cascadeConfig.plannerConfig.toolConfig.permissionConfig.effectiveGrants.ask.[]	string
metadata.staticConfig.cascadeConfig.plannerConfig.toolConfig.permissionConfig.effectivePermissionPreset	string
metadata.staticConfig.cascadeConfig.plannerConfig.toolConfig.permissionConfig.enterpriseConfig	object
metadata.staticConfig.cascadeConfig.plannerConfig.toolConfig.permissionConfig.enterpriseConfig.enforceWorkspaceValidation	boolean
metadata.staticConfig.cascadeConfig.plannerConfig.toolConfig.permissionConfig.permissionsV2	boolean
metadata.staticConfig.cascadeConfig.plannerConfig.toolConfig.runCommand	object
metadata.staticConfig.cascadeConfig.plannerConfig.toolConfig.runCommand.autoCommandConfig	object
metadata.staticConfig.cascadeConfig.plannerConfig.toolConfig.runCommand.autoCommandConfig.autoExecutionPolicy	string
metadata.staticConfig.cascadeConfig.plannerConfig.toolConfig.runCommand.autoCommandConfig.sandboxSystemAllowlist	array
metadata.staticConfig.cascadeConfig.plannerConfig.toolConfig.runCommand.autoCommandConfig.sandboxSystemAllowlist.[]	string
metadata.staticConfig.cascadeConfig.plannerConfig.toolConfig.runCommand.disableSandboxBypass	boolean
metadata.staticConfig.cascadeConfig.plannerConfig.toolConfig.runCommand.enableTerminalSandbox	boolean
metadata.staticConfig.cascadeConfig.plannerConfig.toolConfig.runCommand.readOnlySandbox	boolean
metadata.staticConfig.cascadeConfig.plannerConfig.useAiCredits	boolean
metadata.staticConfig.commandExecutionPolicy	string
metadata.staticConfig.customAgent	object
metadata.staticConfig.customAgent.systemPromptConfig	object
metadata.staticConfig.customAgent.systemPromptConfig.includeSections	array
metadata.staticConfig.customAgent.systemPromptConfig.includeSections.[]	string
metadata.staticConfig.customAgent.systemPromptSections	array
metadata.staticConfig.customAgent.systemPromptSections.[]	object
metadata.staticConfig.customAgent.systemPromptSections.[].content	string
metadata.staticConfig.customAgent.systemPromptSections.[].title	string
metadata.staticConfig.customAgent.toolNames	array
metadata.staticConfig.customAgent.toolNames.[]	string
metadata.staticConfig.customizationConfig	object
metadata.staticConfig.customizationConfig.agentPath	string
metadata.staticConfig.customizationConfig.customizationDiscoveryConfig	object
metadata.staticConfig.customizationConfig.customizationDiscoveryConfig.plugins	object
metadata.staticConfig.customizationConfig.customizationDiscoveryConfig.skills	object
metadata.subagentSpec	object
metadata.subagentSpec.inherit	boolean
metadata.subagentSpec.initialPrompt	string
metadata.subagentSpec.model	string
metadata.subagentSpec.modelTier	string
metadata.subagentSpec.role	string
metadata.subagentSpec.share	string
metadata.subagentSpec.typeName	string
metadata.workspaceUris	array
metadata.workspaceUris.[]	string
metadata.workspaces	array
metadata.workspaces.[]	object
metadata.workspaces.[].branchName	string
metadata.workspaces.[].gitRootAbsoluteUri	string
metadata.workspaces.[].repository	object
metadata.workspaces.[].repository.computedName	string
metadata.workspaces.[].repository.gitOriginUrl	string
metadata.workspaces.[].repository.gitUpstreamUrl	string
metadata.workspaces.[].workspaceFolderAbsoluteUri	string
source	string
steps	array
steps.[]	object
steps.[].askQuestion	object
steps.[].askQuestion.questions	array
steps.[].askQuestion.questions.[]	object
steps.[].askQuestion.questions.[].options	array
steps.[].askQuestion.questions.[].options.[]	object
steps.[].askQuestion.questions.[].options.[].id	string
steps.[].askQuestion.questions.[].options.[].text	string
steps.[].askQuestion.questions.[].question	string
steps.[].askQuestion.questions.[].selectedOptionIds	array
steps.[].askQuestion.questions.[].selectedOptionIds.[]	string
steps.[].askQuestion.questions.[].skipped	boolean
steps.[].askQuestion.questions.[].writeInResponse	string
steps.[].checkpoint	object
steps.[].checkpoint.accumulatedSections	array
steps.[].checkpoint.accumulatedSections.[]	object
steps.[].checkpoint.accumulatedSections.[].items	array
steps.[].checkpoint.accumulatedSections.[].items.[]	object
steps.[].checkpoint.accumulatedSections.[].items.[].id	string
steps.[].checkpoint.accumulatedSections.[].items.[].renderInfo	object
steps.[].checkpoint.accumulatedSections.[].items.[].renderInfo.fileDiff	object
steps.[].checkpoint.accumulatedSections.[].items.[].renderInfo.fileDiff.hasModelEdited	boolean
steps.[].checkpoint.accumulatedSections.[].items.[].renderInfo.fileDiff.isArtifactFile	boolean
steps.[].checkpoint.accumulatedSections.[].items.[].renderInfo.fileDiff.lastModifiedAt	string
steps.[].checkpoint.accumulatedSections.[].items.[].renderInfo.fileDiff.modifiedContent	string
steps.[].checkpoint.accumulatedSections.[].items.[].renderInfo.fileDiff.originalContent	string
steps.[].checkpoint.accumulatedSections.[].items.[].renderInfo.fileDiff.uri	string
steps.[].checkpoint.accumulatedSections.[].items.[].renderInfo.fileUri	string
steps.[].checkpoint.accumulatedSections.[].items.[].renderInfo.icon	string
steps.[].checkpoint.accumulatedSections.[].items.[].renderInfo.label	string
steps.[].checkpoint.accumulatedSections.[].items.[].renderInfo.taskView	object
steps.[].checkpoint.accumulatedSections.[].items.[].renderInfo.taskView.header	string
steps.[].checkpoint.accumulatedSections.[].items.[].renderInfo.taskView.logUri	string
steps.[].checkpoint.accumulatedSections.[].items.[].value	object
steps.[].checkpoint.accumulatedSections.[].items.[].value.@type	string
steps.[].checkpoint.accumulatedSections.[].items.[].value.description	string
steps.[].checkpoint.accumulatedSections.[].items.[].value.hasModelEdited	boolean
steps.[].checkpoint.accumulatedSections.[].items.[].value.isArtifactFile	boolean
steps.[].checkpoint.accumulatedSections.[].items.[].value.lastModifiedAt	string
steps.[].checkpoint.accumulatedSections.[].items.[].value.modifiedContent	string
steps.[].checkpoint.accumulatedSections.[].items.[].value.name	string
steps.[].checkpoint.accumulatedSections.[].items.[].value.originalContent	string
steps.[].checkpoint.accumulatedSections.[].items.[].value.status	string
steps.[].checkpoint.accumulatedSections.[].items.[].value.taskSnapshot	object
steps.[].checkpoint.accumulatedSections.[].items.[].value.taskSnapshot.description	string
steps.[].checkpoint.accumulatedSections.[].items.[].value.taskSnapshot.logUri	string
steps.[].checkpoint.accumulatedSections.[].items.[].value.taskSnapshot.startTime	string
steps.[].checkpoint.accumulatedSections.[].items.[].value.taskSnapshot.stepIndex	number
steps.[].checkpoint.accumulatedSections.[].items.[].value.taskSnapshot.taskId	string
steps.[].checkpoint.accumulatedSections.[].items.[].value.taskSnapshot.toolName	string
steps.[].checkpoint.accumulatedSections.[].items.[].value.taskSnapshot.toolSummary	string
steps.[].checkpoint.accumulatedSections.[].items.[].value.uri	string
steps.[].checkpoint.accumulatedSections.[].key	string
steps.[].checkpoint.accumulatedSections.[].locations	array
steps.[].checkpoint.accumulatedSections.[].locations.[]	string
steps.[].checkpoint.accumulatedSections.[].title	string
steps.[].checkpoint.artifactSnapshots	array
steps.[].checkpoint.artifactSnapshots.[]	object
steps.[].checkpoint.artifactSnapshots.[].artifactAbsoluteUri	string
steps.[].checkpoint.artifactSnapshots.[].artifactMetadata	object
steps.[].checkpoint.artifactSnapshots.[].artifactMetadata.artifactType	string
steps.[].checkpoint.artifactSnapshots.[].artifactMetadata.requestFeedback	boolean
steps.[].checkpoint.artifactSnapshots.[].artifactMetadata.summary	string
steps.[].checkpoint.artifactSnapshots.[].artifactMetadata.updatedAt	string
steps.[].checkpoint.artifactSnapshots.[].artifactMetadata.userFacing	boolean
steps.[].checkpoint.artifactSnapshots.[].artifactName	string
steps.[].checkpoint.artifactSnapshots.[].lastEdited	string
steps.[].checkpoint.artifactSnapshots.[].reviewState	object
steps.[].checkpoint.artifactSnapshots.[].reviewState.artifactUri	string
steps.[].checkpoint.artifactSnapshots.[].reviewState.status	string
steps.[].checkpoint.checkpointIndex	number
steps.[].checkpoint.conversationLogUris	array
steps.[].checkpoint.conversationLogUris.[]	string
steps.[].checkpoint.includedStepIndexEnd	number
steps.[].checkpoint.includedStepIndexStart	number
steps.[].checkpoint.intentOnly	boolean
steps.[].checkpoint.modelSummarizationFailed	boolean
steps.[].checkpoint.renderLatestCheckpoint	boolean
steps.[].checkpoint.renderUserMessageStepIndex	string
steps.[].checkpoint.runningTaskSnapshots	array
steps.[].checkpoint.runningTaskSnapshots.[]	object
steps.[].checkpoint.runningTaskSnapshots.[].description	string
steps.[].checkpoint.runningTaskSnapshots.[].logUri	string
steps.[].checkpoint.runningTaskSnapshots.[].startTime	string
steps.[].checkpoint.runningTaskSnapshots.[].stepIndex	number
steps.[].checkpoint.runningTaskSnapshots.[].taskId	string
steps.[].checkpoint.runningTaskSnapshots.[].toolName	string
steps.[].checkpoint.runningTaskSnapshots.[].toolSummary	string
steps.[].checkpoint.sessionSummary	string
steps.[].checkpoint.subagentSnapshots	array
steps.[].checkpoint.subagentSnapshots.[]	object
steps.[].checkpoint.subagentSnapshots.[].result	object
steps.[].checkpoint.subagentSnapshots.[].result.conversationId	string
steps.[].checkpoint.subagentSnapshots.[].result.logAbsoluteUri	string
steps.[].checkpoint.subagentSnapshots.[].result.workspaceUris	array
steps.[].checkpoint.subagentSnapshots.[].result.workspaceUris.[]	string
steps.[].checkpoint.subagentSnapshots.[].spec	object
steps.[].checkpoint.subagentSnapshots.[].spec.inherit	boolean
steps.[].checkpoint.subagentSnapshots.[].spec.initialPrompt	string
steps.[].checkpoint.subagentSnapshots.[].spec.model	string
steps.[].checkpoint.subagentSnapshots.[].spec.modelTier	string
steps.[].checkpoint.subagentSnapshots.[].spec.role	string
steps.[].checkpoint.subagentSnapshots.[].spec.typeName	string
steps.[].checkpoint.totalSubagentCount	number
steps.[].checkpoint.trajectoryFileDiffs	array
steps.[].checkpoint.trajectoryFileDiffs.[]	object
steps.[].checkpoint.trajectoryFileDiffs.[].hasModelEdited	boolean
steps.[].checkpoint.trajectoryFileDiffs.[].isArtifactFile	boolean
steps.[].checkpoint.trajectoryFileDiffs.[].lastModifiedAt	string
steps.[].checkpoint.trajectoryFileDiffs.[].modifiedContent	string
steps.[].checkpoint.trajectoryFileDiffs.[].originalContent	string
steps.[].checkpoint.trajectoryFileDiffs.[].uri	string
steps.[].checkpoint.usedFallbackSummary	boolean
steps.[].checkpoint.userIntent	string
steps.[].checkpoint.userRequests	array
steps.[].checkpoint.userRequests.[]	string
steps.[].codeAction	object
steps.[].codeAction.actionResult	object
steps.[].codeAction.actionResult.edit	object
steps.[].codeAction.actionResult.edit.absoluteUri	string
steps.[].codeAction.actionResult.edit.createFile	boolean
steps.[].codeAction.actionResult.edit.diff	object
steps.[].codeAction.actionResult.edit.diff.endLine	number
steps.[].codeAction.actionResult.edit.diff.unifiedDiff	object
steps.[].codeAction.actionResult.edit.diff.unifiedDiff.lines	array
steps.[].codeAction.actionResult.edit.diff.unifiedDiff.lines.[]	object
steps.[].codeAction.actionResult.edit.diff.unifiedDiff.lines.[].text	string
steps.[].codeAction.actionResult.edit.diff.unifiedDiff.lines.[].type	string
steps.[].codeAction.actionResult.edit.originalContent	string
steps.[].codeAction.actionSpec	object
steps.[].codeAction.actionSpec.command	object
steps.[].codeAction.actionSpec.command.file	object
steps.[].codeAction.actionSpec.command.file.absoluteUri	string
steps.[].codeAction.actionSpec.command.file.workspaceUrisToRelativePaths	object
steps.[].codeAction.actionSpec.command.file.workspaceUrisToRelativePaths.*	string
steps.[].codeAction.actionSpec.command.instruction	string
steps.[].codeAction.actionSpec.command.isEdit	boolean
steps.[].codeAction.actionSpec.command.replacementChunks	array
steps.[].codeAction.actionSpec.command.replacementChunks.[]	object
steps.[].codeAction.actionSpec.command.replacementChunks.[].allowMultiple	boolean
steps.[].codeAction.actionSpec.command.replacementChunks.[].endLine	number
steps.[].codeAction.actionSpec.command.replacementChunks.[].replacementContent	string
steps.[].codeAction.actionSpec.command.replacementChunks.[].startLine	number
steps.[].codeAction.actionSpec.command.replacementChunks.[].targetContent	string
steps.[].codeAction.actionSpec.command.useFastApply	boolean
steps.[].codeAction.actionSpec.createFile	object
steps.[].codeAction.actionSpec.createFile.instruction	string
steps.[].codeAction.actionSpec.createFile.overwrite	boolean
steps.[].codeAction.actionSpec.createFile.path	object
steps.[].codeAction.actionSpec.createFile.path.absoluteUri	string
steps.[].codeAction.actionSpec.createFile.path.workspaceUrisToRelativePaths	object
steps.[].codeAction.actionSpec.createFile.path.workspaceUrisToRelativePaths.*	string
steps.[].codeAction.artifactMetadata	object
steps.[].codeAction.artifactMetadata.artifactType	string
steps.[].codeAction.artifactMetadata.requestFeedback	boolean
steps.[].codeAction.artifactMetadata.summary	string
steps.[].codeAction.artifactMetadata.updatedAt	string
steps.[].codeAction.artifactMetadata.userFacing	boolean
steps.[].codeAction.description	string
steps.[].codeAction.diffStats	object
steps.[].codeAction.diffStats.additions	number
steps.[].codeAction.diffStats.deletions	number
steps.[].codeAction.fastApplyFallbackInfo	object
steps.[].codeAction.fastApplyFallbackInfo.fallbackAttempted	boolean
steps.[].codeAction.fastApplyFallbackInfo.fastApplyPrompt	string
steps.[].codeAction.fastApplyFallbackInfo.fastApplyResult	object
steps.[].codeAction.fastApplyFallbackInfo.fastApplyResult.edit	object
steps.[].codeAction.fastApplyFallbackInfo.fastApplyResult.edit.diff	object
steps.[].codeAction.fastApplyFallbackInfo.fastApplyResult.edit.diff.endLine	number
steps.[].codeAction.fastApplyFallbackInfo.fastApplyResult.edit.diff.unifiedDiff	object
steps.[].codeAction.fastApplyFallbackInfo.fastApplyResult.edit.diff.unifiedDiff.lines	array
steps.[].codeAction.fastApplyFallbackInfo.fastApplyResult.edit.diff.unifiedDiff.lines.[]	object
steps.[].codeAction.fastApplyFallbackInfo.fastApplyResult.edit.diff.unifiedDiff.lines.[].text	string
steps.[].codeAction.fastApplyFallbackInfo.fastApplyResult.edit.diff.unifiedDiff.lines.[].type	string
steps.[].codeAction.fastApplyFallbackInfo.heuristicFailure	string
steps.[].codeAction.fastApplyFallbackInfo.numFastApplyEditsMasked	number
steps.[].codeAction.heuristicFailure	string
steps.[].codeAction.isArtifactFile	boolean
steps.[].codeAction.markdownValidationError	string
steps.[].codeAction.replacementInfos	array
steps.[].codeAction.replacementInfos.[]	object
steps.[].codeAction.replacementInfos.[].editDistance	number
steps.[].codeAction.replacementInfos.[].error	boolean
steps.[].codeAction.replacementInfos.[].errorStr	string
steps.[].codeAction.replacementInfos.[].fastApplyFixable	boolean
steps.[].codeAction.replacementInfos.[].fuzzyMatch	string
steps.[].codeAction.replacementInfos.[].isNonExact	boolean
steps.[].codeAction.replacementInfos.[].numMatches	number
steps.[].codeAction.replacementInfos.[].originalChunk	object
steps.[].codeAction.replacementInfos.[].originalChunk.allowMultiple	boolean
steps.[].codeAction.replacementInfos.[].originalChunk.endLine	number
steps.[].codeAction.replacementInfos.[].originalChunk.replacementContent	string
steps.[].codeAction.replacementInfos.[].originalChunk.startLine	number
steps.[].codeAction.replacementInfos.[].originalChunk.targetContent	string
steps.[].codeAction.replacementInfos.[].relEditDistance	number
steps.[].codeAction.replacementInfos.[].repairFixable	boolean
steps.[].codeAction.replacementInfos.[].useGlobalMatch	boolean
steps.[].codeAction.useFastApply	boolean
steps.[].commandStatus	object
steps.[].commandStatus.commandId	string
steps.[].commandStatus.outputCharacterCount	number
steps.[].commandStatus.waitDurationSeconds	number
steps.[].completedInteractions	array
steps.[].completedInteractions.[]	object
steps.[].completedInteractions.[].request	object
steps.[].completedInteractions.[].request.askQuestion	object
steps.[].completedInteractions.[].request.askQuestion.questions	array
steps.[].completedInteractions.[].request.askQuestion.questions.[]	object
steps.[].completedInteractions.[].request.askQuestion.questions.[].options	array
steps.[].completedInteractions.[].request.askQuestion.questions.[].options.[]	object
steps.[].completedInteractions.[].request.askQuestion.questions.[].options.[].id	string
steps.[].completedInteractions.[].request.askQuestion.questions.[].options.[].text	string
steps.[].completedInteractions.[].request.askQuestion.questions.[].question	string
steps.[].completedInteractions.[].request.permission	object
steps.[].completedInteractions.[].request.permission.actionDescription	string
steps.[].completedInteractions.[].request.permission.persistSuggestionType	string
steps.[].completedInteractions.[].request.permission.resource	object
steps.[].completedInteractions.[].request.permission.resource.action	string
steps.[].completedInteractions.[].request.permission.resource.target	string
steps.[].completedInteractions.[].request.permission.suggestedPersistPattern	string
steps.[].completedInteractions.[].request.permission.triggerSource	object
steps.[].completedInteractions.[].request.permission.triggerSource.detail	string
steps.[].completedInteractions.[].request.permission.triggerSource.type	string
steps.[].completedInteractions.[].response	object
steps.[].completedInteractions.[].response.askQuestion	object
steps.[].completedInteractions.[].response.askQuestion.responses	array
steps.[].completedInteractions.[].response.askQuestion.responses.[]	object
steps.[].completedInteractions.[].response.askQuestion.responses.[].question	string
steps.[].completedInteractions.[].response.askQuestion.responses.[].selectedOptionIds	array
steps.[].completedInteractions.[].response.askQuestion.responses.[].selectedOptionIds.[]	string
steps.[].completedInteractions.[].response.askQuestion.responses.[].skipped	boolean
steps.[].completedInteractions.[].response.askQuestion.responses.[].writeInResponse	string
steps.[].completedInteractions.[].response.permission	object
steps.[].completedInteractions.[].response.permission.allow	boolean
steps.[].completedInteractions.[].response.permission.persistGrants	object
steps.[].completedInteractions.[].response.permission.persistGrants.allow	array
steps.[].completedInteractions.[].response.permission.persistGrants.allow.[]	string
steps.[].completedInteractions.[].response.stepIndex	number
steps.[].completedInteractions.[].response.trajectoryId	string
steps.[].conversationHistory	object
steps.[].conversationHistory.content	string
steps.[].ephemeralMessage	object
steps.[].ephemeralMessage.content	string
steps.[].ephemeralMessage.triggeredHeuristics	array
steps.[].ephemeralMessage.triggeredHeuristics.[]	string
steps.[].error	object
steps.[].error.errorId	string
steps.[].error.fullError	string
steps.[].error.isBenign	boolean
steps.[].error.shortError	string
steps.[].error.structuredErrorParts	array
steps.[].error.structuredErrorParts.[]	object
steps.[].error.structuredErrorParts.[].codeText	string
steps.[].error.structuredErrorParts.[].directoryUri	string
steps.[].error.structuredErrorParts.[].text	string
steps.[].error.structuredErrorParts.[].url	string
steps.[].error.userErrorMessage	string
steps.[].errorMessage	object
steps.[].errorMessage.error	object
steps.[].errorMessage.error.details	string
steps.[].errorMessage.error.errorCode	number
steps.[].errorMessage.error.errorId	string
steps.[].errorMessage.error.fullError	string
steps.[].errorMessage.error.isBenign	boolean
steps.[].errorMessage.error.modelErrorMessage	string
steps.[].errorMessage.error.rpcErrorDetails	array
steps.[].errorMessage.error.rpcErrorDetails.[]	string
steps.[].errorMessage.error.shortError	string
steps.[].errorMessage.error.userErrorMessage	string
steps.[].errorMessage.shouldShowModel	boolean
steps.[].errorMessage.shouldShowUser	boolean
steps.[].find	object
steps.[].find.excludes	array
steps.[].find.excludes.[]	string
steps.[].find.extensions	array
steps.[].find.extensions.[]	string
steps.[].find.maxDepth	number
steps.[].find.pattern	string
steps.[].find.rawOutput	string
steps.[].find.searchDirectory	string
steps.[].find.totalResults	number
steps.[].find.truncatedOutput	string
steps.[].find.truncatedTotalResults	number
steps.[].find.type	string
steps.[].generateImage	object
steps.[].generateImage.aspectRatio	string
steps.[].generateImage.generatedMedia	object
steps.[].generateImage.generatedMedia.inlineData	string
steps.[].generateImage.generatedMedia.mimeType	string
steps.[].generateImage.generatedMedia.uri	string
steps.[].generateImage.imageName	string
steps.[].generateImage.modelName	string
steps.[].generateImage.prompt	string
steps.[].generic	object
steps.[].grepSearch	object
steps.[].grepSearch.caseInsensitive	boolean
steps.[].grepSearch.commandRun	string
steps.[].grepSearch.includes	array
steps.[].grepSearch.includes.[]	string
steps.[].grepSearch.isRegex	boolean
steps.[].grepSearch.matchPerLine	boolean
steps.[].grepSearch.query	string
steps.[].grepSearch.rawOutput	string
steps.[].grepSearch.results	array
steps.[].grepSearch.results.[]	object
steps.[].grepSearch.results.[].absolutePath	string
steps.[].grepSearch.results.[].content	string
steps.[].grepSearch.results.[].lineNumber	number
steps.[].grepSearch.results.[].relativePath	string
steps.[].grepSearch.searchPathUri	string
steps.[].grepSearch.timedOut	boolean
steps.[].grepSearch.totalResults	number
steps.[].invokeSubagent	object
steps.[].invokeSubagent.results	array
steps.[].invokeSubagent.results.[]	object
steps.[].invokeSubagent.results.[].conversationId	string
steps.[].invokeSubagent.results.[].logAbsoluteUri	string
steps.[].invokeSubagent.results.[].workspaceUris	array
steps.[].invokeSubagent.results.[].workspaceUris.[]	string
steps.[].invokeSubagent.subagents	array
steps.[].invokeSubagent.subagents.[]	object
steps.[].invokeSubagent.subagents.[].inherit	boolean
steps.[].invokeSubagent.subagents.[].initialPrompt	string
steps.[].invokeSubagent.subagents.[].model	string
steps.[].invokeSubagent.subagents.[].modelTier	string
steps.[].invokeSubagent.subagents.[].role	string
steps.[].invokeSubagent.subagents.[].share	string
steps.[].invokeSubagent.subagents.[].typeName	string
steps.[].listDirectory	object
steps.[].listDirectory.directoryPathUri	string
steps.[].listDirectory.results	array
steps.[].listDirectory.results.[]	object
steps.[].listDirectory.results.[].isDir	boolean
steps.[].listDirectory.results.[].name	string
steps.[].listDirectory.results.[].sizeBytes	string
steps.[].mcpTool	object
steps.[].mcpTool.resultString	string
steps.[].mcpTool.resultUri	string
steps.[].mcpTool.serverName	string
steps.[].mcpTool.toolCall	object
steps.[].mcpTool.toolCall.argumentsJson	string
steps.[].mcpTool.toolCall.id	string
steps.[].mcpTool.toolCall.name	string
steps.[].metadata	object
steps.[].metadata.argumentsOrder	array
steps.[].metadata.argumentsOrder.[]	string
steps.[].metadata.completedAt	string
steps.[].metadata.createdAt	string
steps.[].metadata.executionId	string
steps.[].metadata.finishedGeneratingAt	string
steps.[].metadata.generatorModel	string
steps.[].metadata.internalMetadata	object
steps.[].metadata.isInterruptingStep	boolean
steps.[].metadata.lastCompletedChunkAt	string
steps.[].metadata.modelUsage	object
steps.[].metadata.modelUsage.apiProvider	string
steps.[].metadata.modelUsage.cacheReadTokens	string
steps.[].metadata.modelUsage.inputTokens	string
steps.[].metadata.modelUsage.messageId	string
steps.[].metadata.modelUsage.model	string
steps.[].metadata.modelUsage.outputTokens	string
steps.[].metadata.modelUsage.responseHeader	object
steps.[].metadata.modelUsage.responseHeader.sessionID	string
steps.[].metadata.modelUsage.responseId	string
steps.[].metadata.modelUsage.responseOutputTokens	string
steps.[].metadata.modelUsage.thinkingOutputTokens	string
steps.[].metadata.preToolHookResults	array
steps.[].metadata.preToolHookResults.[]	object
steps.[].metadata.preToolHookResults.[].decision	string
steps.[].metadata.requestedModel	object
steps.[].metadata.requestedModel.model	string
steps.[].metadata.retryInfos	array
steps.[].metadata.retryInfos.[]	object
steps.[].metadata.retryInfos.[].error	string
steps.[].metadata.retryInfos.[].retryReason	string
steps.[].metadata.retryInfos.[].traceId	string
steps.[].metadata.retryInfos.[].usage	object
steps.[].metadata.retryInfos.[].usage.apiProvider	string
steps.[].metadata.retryInfos.[].usage.cacheReadTokens	string
steps.[].metadata.retryInfos.[].usage.inputTokens	string
steps.[].metadata.retryInfos.[].usage.messageId	string
steps.[].metadata.retryInfos.[].usage.model	string
steps.[].metadata.retryInfos.[].usage.outputTokens	string
steps.[].metadata.retryInfos.[].usage.responseHeader	object
steps.[].metadata.retryInfos.[].usage.responseHeader.sessionID	string
steps.[].metadata.retryInfos.[].usage.responseId	string
steps.[].metadata.retryInfos.[].usage.responseOutputTokens	string
steps.[].metadata.retryInfos.[].usage.thinkingOutputTokens	string
steps.[].metadata.snapshotMetadata	object
steps.[].metadata.snapshotMetadata.artifactDirCommitHash	string
steps.[].metadata.source	string
steps.[].metadata.sourceTrajectoryStepInfo	object
steps.[].metadata.startedAt	string
steps.[].metadata.stepGenerationVersion	number
steps.[].metadata.toolAction	string
steps.[].metadata.toolCall	object
steps.[].metadata.toolCall.argumentsJson	string
steps.[].metadata.toolCall.id	string
steps.[].metadata.toolCall.name	string
steps.[].metadata.toolCall.originalName	string
steps.[].metadata.toolCall.thinkingSignature	string
steps.[].metadata.toolCallOutputTokens	number
steps.[].metadata.toolSource	string
steps.[].metadata.toolSummary	string
steps.[].metadata.viewableAt	string
steps.[].permissions	object
steps.[].permissions.permissionGrants	array
steps.[].permissions.permissionGrants.[]	object
steps.[].permissions.permissionGrants.[].action	string
steps.[].permissions.permissionGrants.[].allow	boolean
steps.[].permissions.permissionGrants.[].resource	object
steps.[].permissions.permissionGrants.[].resource.action	string
steps.[].permissions.permissionGrants.[].resource.target	string
steps.[].permissions.permissionGrants.[].target	string
steps.[].plannerResponse	object
steps.[].plannerResponse.messageId	string
steps.[].plannerResponse.modifiedResponse	string
steps.[].plannerResponse.recitationMetadata	object
steps.[].plannerResponse.recitationMetadata.recitations	array
steps.[].plannerResponse.recitationMetadata.recitations.[]	object
steps.[].plannerResponse.recitationMetadata.recitations.[].citation	object
steps.[].plannerResponse.recitationMetadata.recitations.[].citation.endIndex	number
steps.[].plannerResponse.recitationMetadata.recitations.[].citation.startIndex	number
steps.[].plannerResponse.recitationMetadata.recitations.[].citation.uri	string
steps.[].plannerResponse.recitationMetadata.recitations.[].content	string
steps.[].plannerResponse.response	string
steps.[].plannerResponse.stopReason	string
steps.[].plannerResponse.thinking	string
steps.[].plannerResponse.thinkingDuration	string
steps.[].plannerResponse.thinkingSignature	string
steps.[].plannerResponse.toolCalls	array
steps.[].plannerResponse.toolCalls.[]	object
steps.[].plannerResponse.toolCalls.[].argumentsJson	string
steps.[].plannerResponse.toolCalls.[].id	string
steps.[].plannerResponse.toolCalls.[].name	string
steps.[].plannerResponse.toolCalls.[].originalName	string
steps.[].plannerResponse.toolCalls.[].thinkingSignature	string
steps.[].readUrlContent	object
steps.[].readUrlContent.contentPath	string
steps.[].readUrlContent.latencyMs	number
steps.[].readUrlContent.resolvedUrl	string
steps.[].readUrlContent.url	string
steps.[].readUrlContent.webDocument	object
steps.[].readUrlContent.webDocument.chunks	array
steps.[].readUrlContent.webDocument.chunks.[]	object
steps.[].readUrlContent.webDocument.chunks.[].markdownChunk	object
steps.[].readUrlContent.webDocument.chunks.[].markdownChunk.text	string
steps.[].readUrlContent.webDocument.documentId	string
steps.[].readUrlContent.webDocument.summary	string
steps.[].readUrlContent.webDocument.title	string
steps.[].readUrlContent.webDocument.url	string
steps.[].requestedInteraction	object
steps.[].requestedInteraction.askQuestion	object
steps.[].requestedInteraction.askQuestion.questions	array
steps.[].requestedInteraction.askQuestion.questions.[]	object
steps.[].requestedInteraction.askQuestion.questions.[].options	array
steps.[].requestedInteraction.askQuestion.questions.[].options.[]	object
steps.[].requestedInteraction.askQuestion.questions.[].options.[].id	string
steps.[].requestedInteraction.askQuestion.questions.[].options.[].text	string
steps.[].requestedInteraction.askQuestion.questions.[].question	string
steps.[].requestedInteraction.permission	object
steps.[].requestedInteraction.permission.actionDescription	string
steps.[].requestedInteraction.permission.persistSuggestionType	string
steps.[].requestedInteraction.permission.resource	object
steps.[].requestedInteraction.permission.resource.action	string
steps.[].requestedInteraction.permission.resource.target	string
steps.[].requestedInteraction.permission.suggestedPersistPattern	string
steps.[].requestedInteraction.permission.triggerSource	object
steps.[].requestedInteraction.permission.triggerSource.detail	string
steps.[].requestedInteraction.permission.triggerSource.type	string
steps.[].runCommand	object
steps.[].runCommand.blocking	boolean
steps.[].runCommand.combinedOutput	object
steps.[].runCommand.combinedOutput.full	string
steps.[].runCommand.combinedOutputSnapshot	object
steps.[].runCommand.combinedOutputSnapshot.full	string
steps.[].runCommand.commandLine	string
steps.[].runCommand.cwd	string
steps.[].runCommand.exitCode	number
steps.[].runCommand.proposedCommandLine	string
steps.[].runCommand.ranInSandbox	boolean
steps.[].runCommand.requestedTerminalId	string
steps.[].runCommand.runPersistent	boolean
steps.[].runCommand.sandboxBypassDisabled	boolean
steps.[].runCommand.sandboxErrors	string
steps.[].runCommand.sandboxOverride	boolean
steps.[].runCommand.shellName	string
steps.[].runCommand.terminalId	string
steps.[].runCommand.waitMsBeforeAsync	string
steps.[].searchWeb	object
steps.[].searchWeb.domain	string
steps.[].searchWeb.query	string
steps.[].searchWeb.searchType	string
steps.[].searchWeb.summary	string
steps.[].searchWeb.thirdPartyConfig	object
steps.[].searchWeb.thirdPartyConfig.provider	string
steps.[].status	string
steps.[].systemMessage	object
steps.[].systemMessage.agentMessage	object
steps.[].systemMessage.agentMessage.content	string
steps.[].systemMessage.agentMessage.hideFromUser	boolean
steps.[].systemMessage.agentMessage.id	string
steps.[].systemMessage.agentMessage.priority	string
steps.[].systemMessage.agentMessage.recipient	string
steps.[].systemMessage.agentMessage.renderDetails	object
steps.[].systemMessage.agentMessage.renderDetails.messageTitle	string
steps.[].systemMessage.agentMessage.sender	string
steps.[].systemMessage.agentMessage.sourceMetadata	object
steps.[].systemMessage.agentMessage.sourceMetadata.tool	object
steps.[].systemMessage.agentMessage.sourceMetadata.tool.conversationId	string
steps.[].systemMessage.agentMessage.sourceMetadata.tool.stepIndex	number
steps.[].systemMessage.agentMessage.sourceMetadata.tool.toolCall	object
steps.[].systemMessage.agentMessage.sourceMetadata.tool.toolCall.argumentsJson	string
steps.[].systemMessage.agentMessage.sourceMetadata.tool.toolCall.id	string
steps.[].systemMessage.agentMessage.sourceMetadata.tool.toolCall.name	string
steps.[].systemMessage.agentMessage.sourceMetadata.tool.toolCall.originalName	string
steps.[].systemMessage.agentMessage.sourceMetadata.tool.toolCall.thinkingSignature	string
steps.[].systemMessage.agentMessage.timestamp	string
steps.[].systemMessage.eventType	string
steps.[].systemMessage.message	string
steps.[].systemMessage.metadata	object
steps.[].systemMessage.metadata.auto_proceed_uri	string
steps.[].systemMessage.renderInfo	object
steps.[].systemMessage.renderInfo.contentBlocks	array
steps.[].systemMessage.renderInfo.contentBlocks.[]	object
steps.[].systemMessage.renderInfo.contentBlocks.[].markdown	string
steps.[].systemMessage.renderInfo.hidden	boolean
steps.[].systemMessage.renderInfo.markdown	string
steps.[].systemMessage.renderInfo.title	string
steps.[].taskDetails	object
steps.[].taskDetails.description	string
steps.[].taskDetails.id	string
steps.[].taskDetails.logUri	string
steps.[].taskDetails.requiresInputApproval	boolean
steps.[].taskDetails.title	string
steps.[].type	string
steps.[].userInput	object
steps.[].userInput.activeUserState	object
steps.[].userInput.items	array
steps.[].userInput.items.[]	object
steps.[].userInput.items.[].item	object
steps.[].userInput.items.[].item.directory	object
steps.[].userInput.items.[].item.directory.absoluteUri	string
steps.[].userInput.items.[].item.directory.workspaceUrisToRelativePaths	object
steps.[].userInput.items.[].item.directory.workspaceUrisToRelativePaths.*	string
steps.[].userInput.items.[].item.file	object
steps.[].userInput.items.[].item.file.absoluteUri	string
steps.[].userInput.items.[].item.file.workspaceUrisToRelativePaths	object
steps.[].userInput.items.[].item.file.workspaceUrisToRelativePaths.*	string
steps.[].userInput.items.[].item.slashCommand	object
steps.[].userInput.items.[].item.slashCommand.info	object
steps.[].userInput.items.[].item.slashCommand.info.modelFacingText	string
steps.[].userInput.items.[].item.slashCommand.info.name	string
steps.[].userInput.items.[].item.slashCommand.info.type	string
steps.[].userInput.items.[].text	string
steps.[].userInput.lastUserConfig	object
steps.[].userInput.lastUserConfig.dynamicWorkspaceUris	array
steps.[].userInput.lastUserConfig.dynamicWorkspaceUris.[]	string
steps.[].userInput.lastUserConfig.executorConfig	object
steps.[].userInput.lastUserConfig.executorConfig.useCoreDirect	boolean
steps.[].userInput.lastUserConfig.plannerConfig	object
steps.[].userInput.lastUserConfig.plannerConfig.conversational	object
steps.[].userInput.lastUserConfig.plannerConfig.conversational.agenticMode	boolean
steps.[].userInput.lastUserConfig.plannerConfig.customizationConfig	object
steps.[].userInput.lastUserConfig.plannerConfig.customizationConfig.customizationDiscoveryConfig	object
steps.[].userInput.lastUserConfig.plannerConfig.customizationConfig.customizationDiscoveryConfig.skills	object
steps.[].userInput.lastUserConfig.plannerConfig.customizationConfig.customizationDiscoveryConfig.skills.inheritUser	boolean
steps.[].userInput.lastUserConfig.plannerConfig.customizationConfig.customizationDiscoveryConfig.skills.skillsPaths	array
steps.[].userInput.lastUserConfig.plannerConfig.customizationConfig.customizationDiscoveryConfig.skills.skillsPaths.[]	object
steps.[].userInput.lastUserConfig.plannerConfig.customizationConfig.customizationDiscoveryConfig.skills.skillsPaths.[].absolute	string
steps.[].userInput.lastUserConfig.plannerConfig.customizationConfig.enableJsonHooks	boolean
steps.[].userInput.lastUserConfig.plannerConfig.customizationConfig.workspacePaths	object
steps.[].userInput.lastUserConfig.plannerConfig.customizationConfig.workspacePaths.absolutePaths	array
steps.[].userInput.lastUserConfig.plannerConfig.customizationConfig.workspacePaths.absolutePaths.[]	string
steps.[].userInput.lastUserConfig.plannerConfig.customizationDiscoveryConfig	object
steps.[].userInput.lastUserConfig.plannerConfig.customizationDiscoveryConfig.agents	object
steps.[].userInput.lastUserConfig.plannerConfig.customizationDiscoveryConfig.agents.builtinAgentNames	array
steps.[].userInput.lastUserConfig.plannerConfig.customizationDiscoveryConfig.agents.builtinAgentNames.[]	string
steps.[].userInput.lastUserConfig.plannerConfig.customizationDiscoveryConfig.agents.inheritUser	boolean
steps.[].userInput.lastUserConfig.plannerConfig.customizationDiscoveryConfig.skills	object
steps.[].userInput.lastUserConfig.plannerConfig.customizationDiscoveryConfig.skills.builtinSkillNames	array
steps.[].userInput.lastUserConfig.plannerConfig.customizationDiscoveryConfig.skills.builtinSkillNames.[]	string
steps.[].userInput.lastUserConfig.plannerConfig.declarativeMixinConfig	object
steps.[].userInput.lastUserConfig.plannerConfig.declarativeMixinConfig.forceDisableFundamentalComponents	boolean
steps.[].userInput.lastUserConfig.plannerConfig.declarativeMixinConfig.postInvocationHooks	array
steps.[].userInput.lastUserConfig.plannerConfig.declarativeMixinConfig.postInvocationHooks.[]	object
steps.[].userInput.lastUserConfig.plannerConfig.declarativeMixinConfig.postInvocationHooks.[].builtin	boolean
steps.[].userInput.lastUserConfig.plannerConfig.declarativeMixinConfig.postInvocationHooks.[].name	string
steps.[].userInput.lastUserConfig.plannerConfig.declarativeMixinConfig.postToolHooks	array
steps.[].userInput.lastUserConfig.plannerConfig.declarativeMixinConfig.postToolHooks.[]	object
steps.[].userInput.lastUserConfig.plannerConfig.declarativeMixinConfig.postToolHooks.[].builtin	boolean
steps.[].userInput.lastUserConfig.plannerConfig.declarativeMixinConfig.postToolHooks.[].name	string
steps.[].userInput.lastUserConfig.plannerConfig.declarativeMixinConfig.preInvocationHooks	array
steps.[].userInput.lastUserConfig.plannerConfig.declarativeMixinConfig.preInvocationHooks.[]	object
steps.[].userInput.lastUserConfig.plannerConfig.declarativeMixinConfig.preInvocationHooks.[].builtin	boolean
steps.[].userInput.lastUserConfig.plannerConfig.declarativeMixinConfig.preInvocationHooks.[].name	string
steps.[].userInput.lastUserConfig.plannerConfig.declarativeMixinConfig.preToolHooks	array
steps.[].userInput.lastUserConfig.plannerConfig.declarativeMixinConfig.preToolHooks.[]	object
steps.[].userInput.lastUserConfig.plannerConfig.declarativeMixinConfig.preToolHooks.[].builtin	boolean
steps.[].userInput.lastUserConfig.plannerConfig.declarativeMixinConfig.preToolHooks.[].name	string
steps.[].userInput.lastUserConfig.plannerConfig.declarativeMixinConfig.promptSections	array
steps.[].userInput.lastUserConfig.plannerConfig.declarativeMixinConfig.promptSections.[]	object
steps.[].userInput.lastUserConfig.plannerConfig.declarativeMixinConfig.promptSections.[].builtinName	string
steps.[].userInput.lastUserConfig.plannerConfig.declarativeMixinConfig.stopHooks	array
steps.[].userInput.lastUserConfig.plannerConfig.declarativeMixinConfig.stopHooks.[]	object
steps.[].userInput.lastUserConfig.plannerConfig.declarativeMixinConfig.stopHooks.[].builtin	boolean
steps.[].userInput.lastUserConfig.plannerConfig.declarativeMixinConfig.stopHooks.[].name	string
steps.[].userInput.lastUserConfig.plannerConfig.declarativeMixinConfig.toolDecorators	array
steps.[].userInput.lastUserConfig.plannerConfig.declarativeMixinConfig.toolDecorators.[]	object
steps.[].userInput.lastUserConfig.plannerConfig.declarativeMixinConfig.toolDecorators.[].builtin	boolean
steps.[].userInput.lastUserConfig.plannerConfig.declarativeMixinConfig.toolDecorators.[].name	string
steps.[].userInput.lastUserConfig.plannerConfig.declarativeMixinConfig.tools	array
steps.[].userInput.lastUserConfig.plannerConfig.declarativeMixinConfig.tools.[]	object
steps.[].userInput.lastUserConfig.plannerConfig.declarativeMixinConfig.tools.[].builtin	boolean
steps.[].userInput.lastUserConfig.plannerConfig.declarativeMixinConfig.tools.[].name	string
steps.[].userInput.lastUserConfig.plannerConfig.planModel	string
steps.[].userInput.lastUserConfig.plannerConfig.requestedModel	object
steps.[].userInput.lastUserConfig.plannerConfig.requestedModel.model	string
steps.[].userInput.lastUserConfig.plannerConfig.retryConfig	object
steps.[].userInput.lastUserConfig.plannerConfig.retryConfig.apiRetry	object
steps.[].userInput.lastUserConfig.plannerConfig.retryConfig.apiRetry.maxSleepDurationMs	string
steps.[].userInput.lastUserConfig.plannerConfig.toolConfig	object
steps.[].userInput.lastUserConfig.plannerConfig.toolConfig.notifyUser	object
steps.[].userInput.lastUserConfig.plannerConfig.toolConfig.notifyUser.artifactReviewMode	string
steps.[].userInput.lastUserConfig.plannerConfig.toolConfig.permissionConfig	object
steps.[].userInput.lastUserConfig.plannerConfig.toolConfig.permissionConfig.defaultGrants	object
steps.[].userInput.lastUserConfig.plannerConfig.toolConfig.permissionConfig.defaultGrants.ask	array
steps.[].userInput.lastUserConfig.plannerConfig.toolConfig.permissionConfig.defaultGrants.ask.[]	string
steps.[].userInput.lastUserConfig.plannerConfig.toolConfig.permissionConfig.effectiveGrants	object
steps.[].userInput.lastUserConfig.plannerConfig.toolConfig.permissionConfig.effectiveGrants.allow	array
steps.[].userInput.lastUserConfig.plannerConfig.toolConfig.permissionConfig.effectiveGrants.allow.[]	string
steps.[].userInput.lastUserConfig.plannerConfig.toolConfig.permissionConfig.effectiveGrants.ask	array
steps.[].userInput.lastUserConfig.plannerConfig.toolConfig.permissionConfig.effectiveGrants.ask.[]	string
steps.[].userInput.lastUserConfig.plannerConfig.toolConfig.permissionConfig.enterpriseConfig	object
steps.[].userInput.lastUserConfig.plannerConfig.toolConfig.permissionConfig.enterpriseConfig.enforceWorkspaceValidation	boolean
steps.[].userInput.lastUserConfig.plannerConfig.toolConfig.runCommand	object
steps.[].userInput.lastUserConfig.plannerConfig.toolConfig.runCommand.autoCommandConfig	object
steps.[].userInput.lastUserConfig.plannerConfig.toolConfig.runCommand.autoCommandConfig.autoExecutionPolicy	string
steps.[].userInput.lastUserConfig.plannerConfig.toolConfig.runCommand.enableTerminalSandbox	boolean
steps.[].userInput.lastUserConfig.plannerConfig.toolConfig.wait	object
steps.[].userInput.lastUserConfig.plannerConfig.toolConfig.wait.enabled	boolean
steps.[].userInput.lastUserConfig.plannerConfig.useAiCredits	boolean
steps.[].userInput.userAgentSpec	object
steps.[].userInput.userAgentSpec.builtinAgent	object
steps.[].userInput.userAgentSpec.builtinAgent.defaultAgent	object
steps.[].userInput.userAgentSpec.builtinAgent.defaultAgent.isGoogle	boolean
steps.[].userInput.userAgentSpec.builtinAgent.defaultAgent.isInteractive	boolean
steps.[].userInput.userConfig	object
steps.[].userInput.userResponse	string
steps.[].viewFile	object
steps.[].viewFile.absolutePathUri	string
steps.[].viewFile.content	string
steps.[].viewFile.contentOffset	number
steps.[].viewFile.endLine	number
steps.[].viewFile.isSkillFile	boolean
steps.[].viewFile.lineRangeBytes	number
steps.[].viewFile.mediaData	object
steps.[].viewFile.mediaData.inlineData	string
steps.[].viewFile.mediaData.mimeType	string
steps.[].viewFile.mediaData.uri	string
steps.[].viewFile.numBytes	number
steps.[].viewFile.numLines	number
steps.[].viewFile.skillMetadata	object
steps.[].viewFile.skillMetadata.description	string
steps.[].viewFile.skillMetadata.name	string
steps.[].viewFile.skillMetadata.version	string
steps.[].viewFile.startLine	number
trajectoryId	string
trajectoryType	string
